player,player_norm,gsis_id,pfr_player_id,team,position,season,as_of_week,games,snap_pct_L3,snap_pct_season,wopr_L3,wopr_season,target_share_L3,target_share_season,air_yards_share_L3,route_pct_L3,route_pct_season,route_pct_source,targets_L3,receptions_L3
Trey McBride,trey mcbride,00-0037744,McBrTr01,ARI,TE,2026,1,1,80.0,80.0,0.7472,0.7472,0.3514,0.3514,0.3145,80.0,80.0,snap_proxy,13,9
Michael Wilson,michael wilson,00-0038559,WilsMi02,ARI,WR,2026,1,1,85.0,85.0,0.4891,0.4891,0.1892,0.1892,0.2933,85.0,85.0,snap_proxy,7,5
Kendrick Bourne,kendrick bourne,00-0033307,BourKe00,ARI,WR,2026,1,1,67.0,67.0,0.4233,0.4233,0.2162,0.2162,0.1413,67.0,67.0,snap_proxy,8,8
Marvin Harrison Jr.,marvin harrison,00-0039849,HarrMa09,ARI,WR,2026,1,1,79.0,79.0,0.2972,0.2972,0.0811,0.0811,0.2509,79.0,79.0,snap_proxy,3,1
Jeremiyah Love,jeremiyah love,00-0041027,LoveJe00,ARI,RB,2026,1,1,43.0,43.0,0.1745,0.1745,0.1081,0.1081,0.0177,43.0,43.0,snap_proxy,4,2
Tyler Allgeier,tyler allgeier,00-0037263,AllgTy00,ARI,RB,2026,1,1,59.0,59.0,0.0687,0.0687,0.0541,0.0541,-0.0177,59.0,59.0,snap_proxy,2,2
Devin Duvernay,devin duvernay,00-0036331,DuveDe00,ARI,WR,2026,1,1,0.0,0.0,0.0,0.0,0.0,0.0,0.0,0.0,0.0,snap_proxy,0,0
Hunter Long,hunter long,00-0037004,LongHu00,ARI,TE,2026,1,1,35.0,35.0,0.0,0.0,0.0,0.0,0.0,35.0,35.0,snap_proxy,0,0
Simi Fehoko,simi fehoko,00-0036646,FehoSi00,ARI,WR,2026,1,1,8.0,8.0,0.0,0.0,0.0,0.0,0.0,8.0,8.0,snap_proxy,0,0
Elijah Higgins,elijah higgins,nan,HiggEl00,ARI,TE,2026,1,1,27.0,27.0,,,,,,27.0,27.0,snap_proxy,0,0
Jalen Brooks,jalen brooks,nan,BrooJa03,ARI,WR,2026,1,1,5.0,5.0,,,,,,5.0,5.0,snap_proxy,0,0
Zonovan Knight,zonovan knight,nan,KnigZo00,ARI,RB,2026,1,1,4.0,4.0,,,,,,4.0,4.0,snap_proxy,0,0
Jahan Dotson,jahan dotson,00-0037741,DotsJa00,ATL,WR,2026,1,1,63.0,63.0,0.7096,0.7096,0.1579,0.1579,0.6753,63.0,63.0,snap_proxy,3,1
Bijan Robinson,bijan robinson,00-0038542,RobiBi01,ATL,RB,2026,1,1,77.0,77.0,0.5167,0.5167,0.5263,0.5263,-0.3896,77.0,77.0,snap_proxy,10,8
Drake London,drake london,00-0037238,LondDr00,ATL,WR,2026,1,1,98.0,98.0,0.5158,0.5158,0.2105,0.2105,0.2857,98.0,98.0,snap_proxy,4,2
Kyle Pitts,kyle pitts,00-0036970,PittKy00,ATL,TE,2026,1,1,63.0,63.0,0.3153,0.3153,0.0526,0.0526,0.3377,63.0,63.0,snap_proxy,1,0
Olamide Zaccheaus,olamide zaccheaus,00-0035208,ZaccOl01,ATL,WR,2026,1,1,30.0,30.0,0.1244,0.1244,0.0526,0.0526,0.0649,30.0,30.0,snap_proxy,1,1
Brian Robinson Jr.,brian robinson,00-0037746,RobiBr01,ATL,RB,2026,1,1,25.0,25.0,0.0,0.0,0.0,0.0,0.0,25.0,25.0,snap_proxy,0,0
Chris Blair,chris blair,00-0036463,BlaiCh00,ATL,WR,2026,1,1,17.0,17.0,0.0,0.0,0.0,0.0,0.0,17.0,17.0,snap_proxy,0,0
Nick Muse,nick muse,00-0037317,MuseNi00,ATL,TE,2026,1,1,8.0,8.0,0.0,0.0,0.0,0.0,0.0,8.0,8.0,snap_proxy,0,0
Zachariah Branch,zachariah branch,00-0041044,BranZa00,ATL,WR,2026,1,1,30.0,30.0,0.0,0.0,0.0,0.0,0.0,30.0,30.0,snap_proxy,0,0
Austin Hooper,austin hooper,nan,HoopAu00,ATL,TE,2026,1,1,23.0,23.0,,,,,,23.0,23.0,snap_proxy,0,0
Charlie Woerner,charlie woerner,nan,WoerCh00,ATL,TE,2026,1,1,62.0,62.0,,,,,,62.0,62.0,snap_proxy,0,0
Zay Flowers,zay flowers,00-0039064,FlowZa00,BAL,WR,2026,1,1,29.0,29.0,0.6118,0.6118,0.25,0.25,0.3383,29.0,29.0,snap_proxy,6,5
Mark Andrews,mark andrews,00-0034753,AndrMa00,BAL,TE,2026,1,1,72.0,72.0,0.4895,0.4895,0.25,0.25,0.1636,72.0,72.0,snap_proxy,6,4
Chris Moore,chris moore,00-0032398,MoorCh00,BAL,WR,2026,1,1,37.0,37.0,0.302,0.302,0.0833,0.0833,0.2528,37.0,37.0,snap_proxy,2,1
Ja'Kobi Lane,jakobi lane,00-0040870,LaneJa01,BAL,WR,2026,1,1,40.0,40.0,0.2656,0.2656,0.125,0.125,0.1115,40.0,40.0,snap_proxy,3,1
LaJohntay Wester,lajohntay wester,00-0040075,WestLa01,BAL,WR,2026,1,1,29.0,29.0,0.1536,0.1536,0.0833,0.0833,0.0409,29.0,29.0,snap_proxy,2,2
Rashod Bateman,rashod bateman,00-0036550,BateRa00,BAL,WR,2026,1,1,78.0,78.0,0.1224,0.1224,0.0417,0.0417,0.0855,78.0,78.0,snap_proxy,1,0
Durham Smythe,durham smythe,00-0034798,SmytDu00,BAL,TE,2026,1,1,62.0,62.0,0.0729,0.0729,0.0417,0.0417,0.0149,62.0,62.0,snap_proxy,1,1
Matthew Hibner,matthew hibner,00-0040879,HibnMa00,BAL,TE,2026,1,1,34.0,34.0,0.0651,0.0651,0.0417,0.0417,0.0037,34.0,34.0,snap_proxy,1,1
Derrick Henry,derrick henry,00-0032764,HenrDe00,BAL,RB,2026,1,1,54.0,54.0,0.0599,0.0599,0.0417,0.0417,-0.0037,54.0,54.0,snap_proxy,1,1
Justice Hill,justice hill,00-0034975,HillJu00,BAL,RB,2026,1,1,46.0,46.0,0.0599,0.0599,0.0417,0.0417,-0.0037,46.0,46.0,snap_proxy,1,1
Rasheen Ali,rasheen ali,00-0039796,AlixRa00,BAL,RB,2026,1,1,0.0,0.0,0.0,0.0,0.0,0.0,0.0,0.0,0.0,snap_proxy,0,0
Josh Cuevas,josh cuevas,nan,CuevJo00,BAL,TE,2026,1,1,9.0,9.0,,,,,,9.0,9.0,snap_proxy,0,0
D.J. Moore,dj moore,00-0034827,MoorD.00,BUF,WR,2026,1,1,76.0,76.0,0.7173,0.7173,0.2857,0.2857,0.4125,76.0,76.0,snap_proxy,8,5
Dalton Kincaid,dalton kincaid,00-0038933,KincDa00,BUF,TE,2026,1,1,72.0,72.0,0.5005,0.5005,0.2143,0.2143,0.2559,72.0,72.0,snap_proxy,6,5
Khalil Shakir,khalil shakir,00-0037261,ShakKh00,BUF,WR,2026,1,1,53.0,53.0,0.3927,0.3927,0.2143,0.2143,0.1018,53.0,53.0,snap_proxy,6,4
Josh Palmer,josh palmer,00-0036988,PalmJo00,BUF,WR,2026,1,1,31.0,31.0,0.2205,0.2205,0.0714,0.0714,0.1619,31.0,31.0,snap_proxy,2,1
James Cook,james cook,00-0037248,CookJa01,BUF,RB,2026,1,1,72.0,72.0,0.207,0.207,0.1429,0.1429,-0.0104,72.0,72.0,snap_proxy,4,3
Keon Coleman,keon coleman,00-0039901,ColeKe02,BUF,WR,2026,1,1,50.0,50.0,0.0609,0.0609,0.0357,0.0357,0.0104,50.0,50.0,snap_proxy,1,1
Dawson Knox,dawson knox,00-0035689,KnoxDa00,BUF,TE,2026,1,1,67.0,67.0,0.0572,0.0572,0.0357,0.0357,0.0052,67.0,67.0,snap_proxy,1,1
Frank Gore Jr.,frank gore,00-0039471,GoreFr01,BUF,RB,2026,1,1,19.0,19.0,0.0,0.0,0.0,0.0,0.0,19.0,19.0,snap_proxy,0,0
Greg Dortch,greg dortch,00-0035500,DortGr01,BUF,WR,2026,1,1,0.0,0.0,0.0,0.0,0.0,0.0,0.0,0.0,0.0,snap_proxy,0,0
Keleki Latu,keleki latu,00-0040363,LatuKe00,BUF,TE,2026,1,1,7.0,7.0,0.0,0.0,0.0,0.0,0.0,7.0,7.0,snap_proxy,0,0
Ray Davis,ray davis,00-0039875,DaviRa04,BUF,RB,2026,1,1,9.0,9.0,0.0,0.0,0.0,0.0,0.0,9.0,9.0,snap_proxy,0,0
Jackson Hawes,jackson hawes,nan,HaweJa00,BUF,TE,2026,1,1,43.0,43.0,,,,,,43.0,43.0,snap_proxy,0,0
Jalen Coker,jalen coker,00-0039491,CokeJa01,CAR,WR,2026,1,1,84.0,84.0,0.6342,0.6342,0.2647,0.2647,0.3388,84.0,84.0,snap_proxy,9,8
Tetairoa McMillan,tetairoa mcmillan,00-0040124,McMiTe00,CAR,WR,2026,1,1,82.0,82.0,0.5805,0.5805,0.2353,0.2353,0.3251,82.0,82.0,snap_proxy,8,5
Tommy Tremble,tommy tremble,00-0037005,TremTo00,CAR,TE,2026,1,1,56.0,56.0,0.2646,0.2646,0.1471,0.1471,0.0628,56.0,56.0,snap_proxy,5,3
Jonathon Brooks,jonathon brooks,00-0039344,BrooJo02,CAR,RB,2026,1,1,19.0,19.0,0.1456,0.1456,0.0588,0.0588,0.082,19.0,19.0,snap_proxy,2,1
Chuba Hubbard,chuba hubbard,00-0036555,HubbCh01,CAR,RB,2026,1,1,71.0,71.0,0.1324,0.1324,0.0882,0.0882,0.0,71.0,71.0,snap_proxy,3,3
Xavier Legette,xavier legette,00-0039342,LegeXa00,CAR,WR,2026,1,1,53.0,53.0,0.1265,0.1265,0.0588,0.0588,0.0546,53.0,53.0,snap_proxy,2,0
Mitchell Evans,mitchell evans,00-0040187,EvanMi01,CAR,TE,2026,1,1,40.0,40.0,0.1054,0.1054,0.0588,0.0588,0.0246,40.0,40.0,snap_proxy,2,1
Darren Waller,darren waller,00-0031610,WallDa01,CAR,TE,2026,1,1,35.0,35.0,0.1035,0.1035,0.0588,0.0588,0.0219,35.0,35.0,snap_proxy,2,2
Jimmy Horn,jimmy horn,00-0040218,HornJi00,CAR,WR,2026,1,1,21.0,21.0,0.0499,0.0499,0.0294,0.0294,0.0082,21.0,21.0,snap_proxy,1,0
AJ Dillon,aj dillon,00-0036265,DillAJ00,CAR,RB,2026,1,1,10.0,10.0,0.0,0.0,0.0,0.0,0.0,10.0,10.0,snap_proxy,0,0
Brycen Tremayne,brycen tremayne,00-0038840,TremBr00,CAR,WR,2026,1,1,18.0,18.0,0.0,0.0,0.0,0.0,0.0,18.0,18.0,snap_proxy,0,0
Feleipe Franks,feleipe franks,00-0036825,FranFe00,CAR,TE,2026,1,1,7.0,7.0,0.0,0.0,0.0,0.0,0.0,7.0,7.0,snap_proxy,0,0
Kalif Raymond,kalif raymond,00-0032464,RaymKa00,CHI,WR,2026,1,1,60.0,60.0,0.6619,0.6619,0.3462,0.3462,0.2038,60.0,60.0,snap_proxy,9,8
Rome Odunze,rome odunze,00-0039919,OdunRo00,CHI,WR,2026,1,1,48.0,48.0,0.3706,0.3706,0.1154,0.1154,0.2821,48.0,48.0,snap_proxy,3,2
Luther Burden,luther burden,00-0040735,BurdLu00,CHI,WR,2026,1,1,73.0,73.0,0.3675,0.3675,0.1923,0.1923,0.1129,73.0,73.0,snap_proxy,5,5
Cole Kmet,cole kmet,00-0036290,KmetCo00,CHI,TE,2026,1,1,57.0,57.0,0.2762,0.2762,0.1154,0.1154,0.1473,57.0,57.0,snap_proxy,3,2
Colston Loveland,colston loveland,00-0040126,LoveCo00,CHI,TE,2026,1,1,87.0,87.0,0.1812,0.1812,0.0769,0.0769,0.094,87.0,87.0,snap_proxy,2,0
Kyle Monangai,kyle monangai,00-0040236,MonaKy00,CHI,RB,2026,1,1,43.0,43.0,0.1351,0.1351,0.0769,0.0769,0.0282,43.0,43.0,snap_proxy,2,2
D'Andre Swift,dandre swift,00-0036275,SwifDA00,CHI,RB,2026,1,1,57.0,57.0,0.0665,0.0665,0.0385,0.0385,0.0125,57.0,57.0,snap_proxy,1,1
Jahdae Walker,jahdae walker,00-0040277,WalkJa03,CHI,WR,2026,1,1,45.0,45.0,0.0599,0.0599,0.0385,0.0385,0.0031,45.0,45.0,snap_proxy,1,1
Kaden Davis,kaden davis,00-0037380,DaviKa02,CHI,WR,2026,1,1,13.0,13.0,0.0,0.0,0.0,0.0,0.0,13.0,13.0,snap_proxy,0,0
Roschon Johnson,roschon johnson,00-0039021,JohnRo07,CHI,RB,2026,1,1,0.0,0.0,0.0,0.0,0.0,0.0,0.0,0.0,0.0,snap_proxy,0,0
Sam Roush,sam roush,nan,RousSa00,CHI,TE,2026,1,1,16.0,16.0,,,,,,16.0,16.0,snap_proxy,0,0
Zavion Thomas,zavion thomas,nan,ThomZa05,CHI,WR,2026,1,1,0.0,0.0,,,,,,0.0,0.0,snap_proxy,0,0
Tee Higgins,tee higgins,00-0036410,HiggTe00,CIN,WR,2026,1,1,72.0,72.0,0.6271,0.6271,0.1765,0.1765,0.5177,72.0,72.0,snap_proxy,6,3
Mike Gesicki,mike gesicki,00-0034829,GesiMi00,CIN,TE,2026,1,1,33.0,33.0,0.504,0.504,0.2059,0.2059,0.2788,33.0,33.0,snap_proxy,7,5
Ja'Marr Chase,jamarr chase,00-0036900,ChasJa00,CIN,WR,2026,1,1,94.0,94.0,0.2818,0.2818,0.1176,0.1176,0.1504,94.0,94.0,snap_proxy,4,2
Andrei Iosivas,andrei iosivas,00-0038619,IosiAn00,CIN,WR,2026,1,1,61.0,61.0,0.1788,0.1788,0.0882,0.0882,0.0664,61.0,61.0,snap_proxy,3,2
Drew Sample,drew sample,00-0035631,SampDr00,CIN,TE,2026,1,1,66.0,66.0,0.1324,0.1324,0.0882,0.0882,0.0,66.0,66.0,snap_proxy,3,3
Tanner Hudson,tanner hudson,00-0034613,HudsTa00,CIN,TE,2026,1,1,9.0,9.0,0.0565,0.0565,0.0294,0.0294,0.0177,9.0,9.0,snap_proxy,1,1
Dohnte Meyers,dohnte meyers,00-0040785,MeyeDo00,CIN,WR,2026,1,1,16.0,16.0,0.0503,0.0503,0.0294,0.0294,0.0088,16.0,16.0,snap_proxy,1,1
Colbie Young,colbie young,nan,YounCo01,CIN,WR,2026,1,1,14.0,14.0,,,,,,14.0,14.0,snap_proxy,0,0
Erick All,erick all,nan,AllxEr00,CIN,TE,2026,1,1,31.0,31.0,,,,,,31.0,31.0,snap_proxy,0,0
Denzel Boston,denzel boston,00-0041037,BostDe00,CLE,WR,2026,1,1,92.0,92.0,0.6227,0.6227,0.1818,0.1818,0.5,92.0,92.0,snap_proxy,4,2
KC Concepcion,kc concepcion,00-0041547,ConcKC00,CLE,WR,2026,1,1,69.0,69.0,0.5343,0.5343,0.2273,0.2273,0.2763,69.0,69.0,snap_proxy,5,4
Jerry Jeudy,jerry jeudy,00-0036407,JeudJe00,CLE,WR,2026,1,1,63.0,63.0,0.3955,0.3955,0.1818,0.1818,0.1754,63.0,63.0,snap_proxy,4,2
Harold Fannin,harold fannin,00-0040663,FannHa00,CLE,TE,2026,1,1,82.0,82.0,0.2352,0.2352,0.1364,0.1364,0.0439,82.0,82.0,snap_proxy,3,2
Raheim Sanders,raheim sanders,00-0040466,SandRa00,CLE,RB,2026,1,1,35.0,35.0,0.1861,0.1861,0.1364,0.1364,-0.0263,35.0,35.0,snap_proxy,3,3
Quinshon Judkins,quinshon judkins,00-0040784,JudkQu00,CLE,RB,2026,1,1,65.0,65.0,0.1394,0.1394,0.0909,0.0909,0.0044,65.0,65.0,snap_proxy,2,2
Blake Whiteheart,blake whiteheart,00-0038710,WhitBl01,CLE,TE,2026,1,1,39.0,39.0,0.0866,0.0866,0.0455,0.0455,0.0263,39.0,39.0,snap_proxy,1,1
Carsen Ryan,carsen ryan,00-0041131,RyanCa00,CLE,TE,2026,1,1,0.0,0.0,0.0,0.0,0.0,0.0,0.0,0.0,0.0,snap_proxy,0,0
Dylan Sampson,dylan sampson,00-0040162,SampDy00,CLE,RB,2026,1,1,0.0,0.0,0.0,0.0,0.0,0.0,0.0,0.0,0.0,snap_proxy,0,0
Malachi Corley,malachi corley,00-0039920,CorlMa00,CLE,WR,2026,1,1,0.0,0.0,0.0,0.0,0.0,0.0,0.0,0.0,0.0,snap_proxy,0,0
Isaiah Bond,isaiah bond,nan,BondIs00,CLE,WR,2026,1,1,14.0,14.0,,,,,,14.0,14.0,snap_proxy,0,0
Michael Burton,michael burton,nan,BurtMi00,CLE,FB,2026,1,1,12.0,12.0,,,,,,12.0,12.0,snap_proxy,0,0
Tylan Wallace,tylan wallace,nan,WallTy00,CLE,WR,2026,1,1,29.0,29.0,,,,,,29.0,29.0,snap_proxy,0,0
CeeDee Lamb,ceedee lamb,00-0036358,LambCe00,DAL,WR,2026,1,1,81.0,81.0,0.6039,0.6039,0.2667,0.2667,0.2913,81.0,81.0,snap_proxy,8,5
George Pickens,george pickens,00-0037247,PickGe00,DAL,WR,2026,1,1,84.0,84.0,0.5356,0.5356,0.2,0.2,0.3366,84.0,84.0,snap_proxy,6,3
Ryan Flournoy,ryan flournoy,00-0039410,FlouRy00,DAL,WR,2026,1,1,71.0,71.0,0.2521,0.2521,0.1333,0.1333,0.0744,71.0,71.0,snap_proxy,4,2
Javonte Williams,javonte williams,00-0036997,WillJa10,DAL,RB,2026,1,1,71.0,71.0,0.2251,0.2251,0.1667,0.1667,-0.0356,71.0,71.0,snap_proxy,5,5
Brevyn Spann-Ford,brevyn spann ford,00-0039530,SpanBr00,DAL,TE,2026,1,1,22.0,22.0,0.1136,0.1136,0.0667,0.0667,0.0194,22.0,22.0,snap_proxy,2,2
Jake Ferguson,jake ferguson,00-0038041,FergJa00,DAL,TE,2026,1,1,76.0,76.0,0.1136,0.1136,0.0667,0.0667,0.0194,76.0,76.0,snap_proxy,2,2
Luke Schoonmaker,luke schoonmaker,00-0038547,SchoLu00,DAL,TE,2026,1,1,22.0,22.0,0.0772,0.0772,0.0333,0.0333,0.0388,22.0,22.0,snap_proxy,1,1
Jonathan Mingo,jonathan mingo,00-0039062,MingJo00,DAL,WR,2026,1,1,19.0,19.0,0.0749,0.0749,0.0333,0.0333,0.0356,19.0,19.0,snap_proxy,1,1
KaVontae Turpin,kavontae turpin,00-0037801,TurpKa00,DAL,WR,2026,1,1,14.0,14.0,0.0523,0.0523,0.0333,0.0333,0.0032,14.0,14.0,snap_proxy,1,1
Emari Demercado,emari demercado,00-0038705,DemeEm00,DAL,RB,2026,1,1,9.0,9.0,0.0,0.0,0.0,0.0,0.0,9.0,9.0,snap_proxy,0,0
Hunter Luepke,hunter luepke,00-0038738,LuepHu00,DAL,FB,2026,1,1,26.0,26.0,0.0,0.0,0.0,0.0,0.0,26.0,26.0,snap_proxy,0,0
Courtland Sutton,courtland sutton,00-0034348,SuttCo00,DEN,WR,2026,1,1,76.0,76.0,0.5821,0.5821,0.1852,0.1852,0.4348,76.0,76.0,snap_proxy,5,2
Pat Bryant,pat bryant,00-0040134,BryaPa00,DEN,WR,2026,1,1,59.0,59.0,0.5236,0.5236,0.2222,0.2222,0.2717,59.0,59.0,snap_proxy,6,4
Evan Engram,evan engram,00-0033881,EngrEv00,DEN,TE,2026,1,1,63.0,63.0,0.4147,0.4147,0.1852,0.1852,0.1957,63.0,63.0,snap_proxy,5,4
Troy Franklin,troy franklin,00-0039868,FranTr00,DEN,WR,2026,1,1,33.0,33.0,0.2914,0.2914,0.037,0.037,0.337,33.0,33.0,snap_proxy,1,0
Jaylen Waddle,jaylen waddle,00-0036613,WaddJa00,DEN,WR,2026,1,1,75.0,75.0,0.2656,0.2656,0.1111,0.1111,0.1413,75.0,75.0,snap_proxy,3,1
Adam Trautman,adam trautman,00-0036422,TrauAd00,DEN,TE,2026,1,1,37.0,37.0,0.1591,0.1591,0.1111,0.1111,-0.0109,37.0,37.0,snap_proxy,3,2
RJ Harvey,rj harvey,00-0040730,HarvRJ00,DEN,RB,2026,1,1,51.0,51.0,0.0548,0.0548,0.1481,0.1481,-0.2391,51.0,51.0,snap_proxy,4,4
J.K. Dobbins,jk dobbins,00-0036158,DobbJK00,DEN,RB,2026,1,1,43.0,43.0,0.0,0.0,0.0,0.0,0.0,43.0,43.0,snap_proxy,0,0
Jonah Coleman,jonah coleman,00-0041496,ColeJo00,DEN,RB,2026,1,1,6.0,6.0,0.0,0.0,0.0,0.0,0.0,6.0,6.0,snap_proxy,0,0
Marvin Mims,marvin mims,00-0038976,MimsMa00,DEN,WR,2026,1,1,18.0,18.0,0.0,0.0,0.0,0.0,0.0,18.0,18.0,snap_proxy,0,0
Nate Adkins,nate adkins,00-0038783,AdkiNa00,DEN,TE,2026,1,1,25.0,25.0,0.0,0.0,0.0,0.0,0.0,25.0,25.0,snap_proxy,0,0
Adam Prentice,adam prentice,nan,PrenAd00,DEN,FB,2026,1,1,12.0,12.0,,,,,,12.0,12.0,snap_proxy,0,0
Jameson Williams,jameson williams,00-0037240,WillJa11,DET,WR,2026,1,1,84.0,84.0,0.7756,0.7756,0.2308,0.2308,0.6135,84.0,84.0,snap_proxy,9,4
Amon-Ra St. Brown,amon ra st brown,00-0036963,StxxAm00,DET,WR,2026,1,1,90.0,90.0,0.7752,0.7752,0.359,0.359,0.3382,90.0,90.0,snap_proxy,14,10
Sam LaPorta,sam laporta,00-0039065,LaPoSa01,DET,TE,2026,1,1,81.0,81.0,0.3314,0.3314,0.2051,0.2051,0.0338,81.0,81.0,snap_proxy,8,5
Jahmyr Gibbs,jahmyr gibbs,00-0039139,GibbJa01,DET,RB,2026,1,1,74.0,74.0,0.1788,0.1788,0.1282,0.1282,-0.0193,74.0,74.0,snap_proxy,5,5
Isaac TeSlaa,isaac teslaa,00-0040669,TeSlIs00,DET,WR,2026,1,1,68.0,68.0,0.0486,0.0486,0.0256,0.0256,0.0145,68.0,68.0,snap_proxy,1,0
Brock Wright,brock wright,00-0036754,WrigBr01,DET,TE,2026,1,1,51.0,51.0,0.0452,0.0452,0.0256,0.0256,0.0097,51.0,51.0,snap_proxy,1,1
Sione Vaki,sione vaki,00-0039364,VakiSi00,DET,RB,2026,1,1,29.0,29.0,0.0452,0.0452,0.0256,0.0256,0.0097,29.0,29.0,snap_proxy,1,1
Jacob Saylors,jacob saylors,00-0038896,SaylJa00,DET,RB,2026,1,1,0.0,0.0,0.0,0.0,0.0,0.0,0.0,0.0,0.0,snap_proxy,0,0
Tay Martin,tay martin,00-0037524,MartTa00,DET,WR,2026,1,1,0.0,0.0,0.0,0.0,0.0,0.0,0.0,0.0,0.0,snap_proxy,0,0
Tom Kennedy,tom kennedy,00-0035544,KennTo01,DET,WR,2026,1,1,0.0,0.0,0.0,0.0,0.0,0.0,0.0,0.0,0.0,snap_proxy,0,0
Jackson Meeks,jackson meeks,nan,MeekJa00,DET,TE,2026,1,1,0.0,0.0,,,,,,0.0,0.0,snap_proxy,0,0
Tyler Conklin,tyler conklin,nan,ConkTy00,DET,TE,2026,1,1,13.0,13.0,,,,,,13.0,13.0,snap_proxy,0,0
Matthew Golden,matthew golden,00-0040667,GoldMa02,GB,WR,2026,1,1,82.0,82.0,0.6545,0.6545,0.3,0.3,0.2921,82.0,82.0,snap_proxy,12,6
Christian Watson,christian watson,00-0038124,WatsCh00,GB,WR,2026,1,1,76.0,76.0,0.4896,0.4896,0.2,0.2,0.2708,76.0,76.0,snap_proxy,8,6
Tucker Kraft,tucker kraft,00-0038996,KrafTu00,GB,TE,2026,1,1,66.0,66.0,0.3474,0.3474,0.15,0.15,0.1748,66.0,66.0,snap_proxy,6,3
Jayden Reed,jayden reed,00-0039146,ReedJa03,GB,WR,2026,1,1,57.0,57.0,0.3371,0.3371,0.175,0.175,0.1066,57.0,57.0,snap_proxy,7,3
Jonnu Smith,jonnu smith,00-0033858,SmitJo01,GB,TE,2026,1,1,47.0,47.0,0.1483,0.1483,0.075,0.075,0.0512,47.0,47.0,snap_proxy,3,2
MarShawn Lloyd,marshawn lloyd,00-0039811,LloyMa00,GB,RB,2026,1,1,44.0,44.0,0.0644,0.0644,0.025,0.025,0.0384,44.0,44.0,snap_proxy,1,0
Skyy Moore,skyy moore,00-0038090,MoorSk01,GB,WR,2026,1,1,6.0,6.0,0.0554,0.0554,0.025,0.025,0.0256,6.0,6.0,snap_proxy,1,0
Bo Melton,bo melton,00-0037091,MeltBo00,GB,WR,2026,1,1,12.0,12.0,0.0524,0.0524,0.025,0.025,0.0213,12.0,12.0,snap_proxy,1,1
Chris Brooks,chris brooks,00-0038685,BrooCh00,GB,RB,2026,1,1,56.0,56.0,0.0285,0.0285,0.025,0.025,-0.0128,56.0,56.0,snap_proxy,1,0
Kaleb Johnson,kaleb johnson,00-0040142,JohnKa03,GB,RB,2026,1,1,0.0,0.0,0.0,0.0,0.0,0.0,0.0,0.0,0.0,snap_proxy,0,0
Josh Whyle,josh whyle,nan,WhylJo01,GB,TE,2026,1,1,16.0,16.0,,,,,,16.0,16.0,snap_proxy,0,0
Mark Redman,mark redman,nan,RedmMa00,GB,TE,2026,1,1,31.0,31.0,,,,,,31.0,31.0,snap_proxy,0,0
Nico Collins,nico collins,00-0036554,CollNi00,HOU,WR,2026,1,1,72.0,72.0,0.6663,0.6663,0.2703,0.2703,0.3727,72.0,72.0,snap_proxy,10,7
Dalton Schultz,dalton schultz,00-0034383,SchuDa00,HOU,TE,2026,1,1,66.0,66.0,0.3808,0.3808,0.2162,0.2162,0.0807,66.0,66.0,snap_proxy,8,4
Xavier Hutchinson,xavier hutchinson,00-0038618,HutcXa00,HOU,WR,2026,1,1,56.0,56.0,0.3672,0.3672,0.1622,0.1622,0.177,56.0,56.0,snap_proxy,6,3
Kayshon Boutte,kayshon boutte,00-0038608,BoutKa00,HOU,WR,2026,1,1,46.0,46.0,0.1506,0.1506,0.0541,0.0541,0.0994,46.0,46.0,snap_proxy,2,1
Jaylin Noel,jaylin noel,00-0040138,NoelJa00,HOU,WR,2026,1,1,30.0,30.0,0.1376,0.1376,0.0541,0.0541,0.0807,30.0,30.0,snap_proxy,2,2
David Montgomery,david montgomery,00-0035685,MontDa01,HOU,RB,2026,1,1,49.0,49.0,0.1325,0.1325,0.0811,0.0811,0.0155,49.0,49.0,snap_proxy,3,3
Foster Moreau,foster moreau,00-0034981,MoreFo00,HOU,TE,2026,1,1,44.0,44.0,0.0963,0.0963,0.0541,0.0541,0.0217,44.0,44.0,snap_proxy,2,2
Marlin Klein,marlin klein,00-0041472,KleiMa00,HOU,TE,2026,1,1,11.0,11.0,0.071,0.071,0.027,0.027,0.0435,11.0,11.0,snap_proxy,1,1
Jared Wayne,jared wayne,00-0038728,WaynJa01,HOU,WR,2026,1,1,32.0,32.0,0.0666,0.0666,0.027,0.027,0.0373,32.0,32.0,snap_proxy,1,1
Cade Stover,cade stover,00-0039359,StovCa00,HOU,TE,2026,1,1,30.0,30.0,0.0362,0.0362,0.027,0.027,-0.0062,30.0,30.0,snap_proxy,1,1
Woody Marks,woody marks,00-0040583,MarkWo00,HOU,RB,2026,1,1,51.0,51.0,0.0362,0.0362,0.027,0.027,-0.0062,51.0,51.0,snap_proxy,1,1
British Brooks,british brooks,nan,BrooBr01,HOU,RB,2026,1,1,0.0,0.0,,,,,,0.0,0.0,snap_proxy,0,0
Alec Pierce,alec pierce,00-0037664,PierAl00,IND,WR,2026,1,1,59.0,59.0,0.6691,0.6691,0.2069,0.2069,0.5124,59.0,59.0,snap_proxy,6,4
Keenan Allen,keenan allen,00-0030279,AlleKe00,IND,WR,2026,1,1,67.0,67.0,0.387,0.387,0.2069,0.2069,0.1095,67.0,67.0,snap_proxy,6,6
Tyler Warren,tyler warren,00-0040128,WarrTy00,IND,TE,2026,1,1,93.0,93.0,0.3387,0.3387,0.1724,0.1724,0.1144,93.0,93.0,snap_proxy,5,3
Josh Downs,josh downs,00-0038997,DownJo00,IND,WR,2026,1,1,89.0,89.0,0.3323,0.3323,0.1379,0.1379,0.1791,89.0,89.0,snap_proxy,4,2
Jonathan Taylor,jonathan taylor,00-0036223,TaylJo02,IND,RB,2026,1,1,89.0,89.0,0.2069,0.2069,0.1379,0.1379,0.0,89.0,89.0,snap_proxy,4,3
Laquon Treadwell,laquon treadwell,00-0032951,TreaLa00,IND,WR,2026,1,1,35.0,35.0,0.0657,0.0657,0.0345,0.0345,0.0199,35.0,35.0,snap_proxy,1,0
Andrew Ogletree,andrew ogletree,00-0037292,OgleAn00,IND,TE,2026,1,1,11.0,11.0,0.0622,0.0622,0.0345,0.0345,0.0149,11.0,11.0,snap_proxy,1,0
Ashton Dulin,ashton dulin,00-0035021,DuliAs00,IND,WR,2026,1,1,19.0,19.0,0.0517,0.0517,0.0345,0.0345,0.0,19.0,19.0,snap_proxy,1,0
Seth McGowan,seth mcgowan,00-0041125,McGoSe01,IND,RB,2026,1,1,11.0,11.0,0.0448,0.0448,0.0345,0.0345,-0.01,11.0,11.0,snap_proxy,1,1
Deion Burks,deion burks,nan,BurkDe02,IND,WR,2026,1,1,0.0,0.0,,,,,,0.0,0.0,snap_proxy,0,0
Mo Alie-Cox,mo alie cox,nan,AlieMo00,IND,TE,2026,1,1,26.0,26.0,,,,,,26.0,26.0,snap_proxy,0,0
Parker Washington,parker washington,00-0038606,WashPa01,JAX,WR,2026,1,1,61.0,61.0,0.7236,0.7236,0.2857,0.2857,0.4215,61.0,61.0,snap_proxy,6,5
Brian Thomas,brian thomas,00-0039893,ThomBr06,JAX,WR,2026,1,1,35.0,35.0,0.3416,0.3416,0.1429,0.1429,0.1818,35.0,35.0,snap_proxy,3,3
Brenton Strange,brenton strange,00-0038935,StraBr00,JAX,TE,2026,1,1,68.0,68.0,0.3126,0.3126,0.1429,0.1429,0.1405,68.0,68.0,snap_proxy,3,2
Jakobi Meyers,jakobi meyers,00-0034960,MeyeJa01,JAX,WR,2026,1,1,65.0,65.0,0.2267,0.2267,0.0952,0.0952,0.1198,65.0,65.0,snap_proxy,2,2
Josh Cameron,josh cameron,00-0041100,CameJo01,JAX,WR,2026,1,1,33.0,33.0,0.1949,0.1949,0.0952,0.0952,0.0744,33.0,33.0,snap_proxy,2,2
Nate Boerkircher,nate boerkircher,00-0041503,BoerNa00,JAX,TE,2026,1,1,67.0,67.0,0.0772,0.0772,0.0476,0.0476,0.0083,67.0,67.0,snap_proxy,1,1
Quintin Morris,quintin morris,00-0036590,MorrQu00,JAX,TE,2026,1,1,42.0,42.0,0.0772,0.0772,0.0476,0.0476,0.0083,42.0,42.0,snap_proxy,1,0
Ameer Abdullah,ameer abdullah,00-0032104,AbduAm00,JAX,RB,2026,1,1,9.0,9.0,0.0628,0.0628,0.0476,0.0476,-0.0124,9.0,9.0,snap_proxy,1,1
Travis Hunter,travis hunter,00-0040718,HuntTr00,JAX,WR,2026,1,1,7.0,7.0,0.0628,0.0628,0.0476,0.0476,-0.0124,7.0,7.0,snap_proxy,1,1
Bhayshul Tuten,bhayshul tuten,00-0040719,TuteBh00,JAX,RB,2026,1,1,49.0,49.0,0.057,0.057,0.0476,0.0476,-0.0207,49.0,49.0,snap_proxy,1,1
Chris Rodriguez,chris rodriguez,00-0038611,RodrCh00,JAX,RB,2026,1,1,40.0,40.0,0.0,0.0,0.0,0.0,0.0,40.0,40.0,snap_proxy,0,0
CJ Williams,cj williams,nan,WillCJ00,JAX,WR,2026,1,1,18.0,18.0,,,,,,18.0,18.0,snap_proxy,0,0
LeQuint Allen,lequint allen,nan,AlleLe01,JAX,RB,2026,1,1,2.0,2.0,,,,,,2.0,2.0,snap_proxy,0,0
Xavier Worthy,xavier worthy,00-0039894,WortXa00,KC,WR,2026,1,1,77.0,77.0,0.5811,0.5811,0.24,0.24,0.3158,77.0,77.0,snap_proxy,6,3
Travis Kelce,travis kelce,00-0030506,KelcTr00,KC,TE,2026,1,1,71.0,71.0,0.4526,0.4526,0.2,0.2,0.218,71.0,71.0,snap_proxy,5,3
Kenneth Walker III,kenneth walker,00-0038134,WalkKe00,KC,RB,2026,1,1,68.0,68.0,0.3495,0.3495,0.24,0.24,-0.015,68.0,68.0,snap_proxy,6,3
Tyquan Thornton,tyquan thornton,00-0038104,ThorTy00,KC,WR,2026,1,1,68.0,68.0,0.2495,0.2495,0.04,0.04,0.2707,68.0,68.0,snap_proxy,1,0
Rashee Rice,rashee rice,00-0039067,RiceRa01,KC,WR,2026,1,1,83.0,83.0,0.1516,0.1516,0.08,0.08,0.0451,83.0,83.0,snap_proxy,2,2
Cyrus Allen,cyrus allen,00-0040890,AlleCy00,KC,WR,2026,1,1,1.0,1.0,0.0863,0.0863,0.04,0.04,0.0376,1.0,1.0,snap_proxy,1,0
Noah Gray,noah gray,00-0036637,GrayNo00,KC,TE,2026,1,1,55.0,55.0,0.0863,0.0863,0.04,0.04,0.0376,55.0,55.0,snap_proxy,1,1
Jake Briningstool,jake briningstool,00-0040081,BrinJa00,KC,TE,2026,1,1,19.0,19.0,0.0811,0.0811,0.04,0.04,0.0301,19.0,19.0,snap_proxy,1,1
Emmett Johnson,emmett johnson,00-0041013,JohnEm01,KC,RB,2026,1,1,36.0,36.0,0.0779,0.0779,0.08,0.08,-0.0602,36.0,36.0,snap_proxy,2,2
Ben VanSumeren,ben vansumeren,00-0038489,VanSBe00,KC,FB,2026,1,1,4.0,4.0,0.0,0.0,0.0,0.0,0.0,4.0,4.0,snap_proxy,0,0
Jalen Royals,jalen royals,00-0040646,RoyaJa00,KC,WR,2026,1,1,0.0,0.0,0.0,0.0,0.0,0.0,0.0,0.0,0.0,snap_proxy,0,0
Nikko Remigio,nikko remigio,00-0038519,RemiNi00,KC,WR,2026,1,1,0.0,0.0,0.0,0.0,0.0,0.0,0.0,0.0,0.0,snap_proxy,0,0
Brashard Smith,brashard smith,nan,SmitBr09,KC,RB,2026,1,1,0.0,0.0,,,,,,0.0,0.0,snap_proxy,0,0
Ladd McConkey,ladd mcconkey,00-0039915,McCoLa00,LAC,WR,2026,1,1,49.0,49.0,0.6376,0.6376,0.2593,0.2593,0.3553,49.0,49.0,snap_proxy,7,5
Tre Harris,tre harris,00-0040727,HarrTr03,LAC,WR,2026,1,1,75.0,75.0,0.4538,0.4538,0.2222,0.2222,0.1722,75.0,75.0,snap_proxy,6,3
Quentin Johnston,quentin johnston,00-0038544,JohnQu02,LAC,WR,2026,1,1,78.0,78.0,0.4333,0.4333,0.2222,0.2222,0.1429,78.0,78.0,snap_proxy,6,2
David Njoku,david njoku,00-0033885,NjokDa00,LAC,TE,2026,1,1,55.0,55.0,0.3496,0.3496,0.1852,0.1852,0.1026,55.0,55.0,snap_proxy,5,5
Derius Davis,derius davis,00-0038573,DaviDe02,LAC,WR,2026,1,1,18.0,18.0,0.1966,0.1966,0.037,0.037,0.2015,18.0,18.0,snap_proxy,1,0
Oronde Gadsden II,oronde gadsden,00-0040189,GadsOr01,LAC,TE,2026,1,1,18.0,18.0,0.1291,0.1291,0.0741,0.0741,0.0256,18.0,18.0,snap_proxy,2,2
Alec Ingold,alec ingold,00-0035125,IngoAl01,LAC,FB,2026,1,1,38.0,38.0,0.0,0.0,0.0,0.0,0.0,38.0,38.0,snap_proxy,0,0
Charlie Kolar,charlie kolar,00-0038046,KolaCh00,LAC,TE,2026,1,1,55.0,55.0,0.0,0.0,0.0,0.0,0.0,55.0,55.0,snap_proxy,0,0
Keaton Mitchell,keaton mitchell,00-0038454,MitcKe01,LAC,RB,2026,1,1,31.0,31.0,0.0,0.0,0.0,0.0,0.0,31.0,31.0,snap_proxy,0,0
Omarion Hampton,omarion hampton,00-0040666,HampOm00,LAC,RB,2026,1,1,58.0,58.0,0.0,0.0,0.0,0.0,0.0,58.0,58.0,snap_proxy,0,0
Brenen Thompson,brenen thompson,nan,ThomBr07,LAC,WR,2026,1,1,18.0,18.0,,,,,,18.0,18.0,snap_proxy,0,0
KeAndre Lambert-Smith,keandre lambert smith,nan,LambKe01,LAC,WR,2026,1,1,0.0,0.0,,,,,,0.0,0.0,snap_proxy,0,0
Kimani Vidal,kimani vidal,nan,VidaKi00,LAC,RB,2026,1,1,7.0,7.0,,,,,,7.0,7.0,snap_proxy,0,0
Puka Nacua,puka nacua,00-0039075,NacuPu00,LAR,WR,2026,1,1,70.0,70.0,0.8157,0.8157,0.3333,0.3333,0.451,70.0,70.0,snap_proxy,9,5
Davante Adams,davante adams,00-0031381,AdamDa01,LAR,WR,2026,1,1,54.0,54.0,0.5337,0.5337,0.2222,0.2222,0.2863,54.0,54.0,snap_proxy,6,3
Kyren Williams,kyren williams,00-0037840,WillKy02,LAR,RB,2026,1,1,64.0,64.0,0.1859,0.1859,0.1111,0.1111,0.0275,64.0,64.0,snap_proxy,3,3
Colby Parkinson,colby parkinson,00-0036244,ParkCo02,LAR,TE,2026,1,1,77.0,77.0,0.1358,0.1358,0.0741,0.0741,0.0353,77.0,77.0,snap_proxy,2,1
Tyler Higbee,tyler higbee,00-0033110,HigbTy00,LAR,TE,2026,1,1,20.0,20.0,0.1358,0.1358,0.0741,0.0741,0.0353,20.0,20.0,snap_proxy,2,2
Terrance Ferguson,terrance ferguson,00-0040737,FergTe00,LAR,TE,2026,1,1,51.0,51.0,0.1214,0.1214,0.037,0.037,0.0941,51.0,51.0,snap_proxy,1,0
Konata Mumpfield,konata mumpfield,00-0040590,MumpKo00,LAR,WR,2026,1,1,26.0,26.0,0.0912,0.0912,0.037,0.037,0.051,26.0,26.0,snap_proxy,1,0
Jordan Whittington,jordan whittington,00-0039751,WhitJo04,LAR,WR,2026,1,1,41.0,41.0,0.0775,0.0775,0.037,0.037,0.0314,41.0,41.0,snap_proxy,1,1
Ronnie Rivers,ronnie rivers,00-0037557,RiveRo01,LAR,RB,2026,1,1,13.0,13.0,0.061,0.061,0.037,0.037,0.0078,13.0,13.0,snap_proxy,1,1
Davis Allen,davis allen,00-0039074,AlleDa02,LAR,TE,2026,1,1,34.0,34.0,0.0528,0.0528,0.037,0.037,-0.0039,34.0,34.0,snap_proxy,1,1
Blake Corum,blake corum,00-0039738,CoruBl00,LAR,RB,2026,1,1,23.0,23.0,0.0,0.0,0.0,0.0,0.0,23.0,23.0,snap_proxy,0,0
Xavier Smith,xavier smith,00-0038359,SmitXa00,LAR,WR,2026,1,1,26.0,26.0,0.0,0.0,0.0,0.0,0.0,26.0,26.0,snap_proxy,0,0
Jalen Nailor,jalen nailor,00-0037291,NailJa00,LV,WR,2026,1,1,60.0,60.0,0.4569,0.4569,0.1724,0.1724,0.2832,60.0,60.0,snap_proxy,5,3
Michael Mayer,michael mayer,00-0039066,MayeMi00,LV,TE,2026,1,1,81.0,81.0,0.4488,0.4488,0.2414,0.2414,0.1239,81.0,81.0,snap_proxy,7,6
Ashton Jeanty,ashton jeanty,00-0040122,JeanAs00,LV,RB,2026,1,1,74.0,74.0,0.3661,0.3661,0.2069,0.2069,0.0796,74.0,74.0,snap_proxy,6,6
Tre Tucker,tre tucker,00-0038563,TuckTr00,LV,WR,2026,1,1,71.0,71.0,0.3618,0.3618,0.1379,0.1379,0.2212,71.0,71.0,snap_proxy,4,2
Jack Bech,jack bech,00-0040729,BechJa00,LV,WR,2026,1,1,40.0,40.0,0.306,0.306,0.1379,0.1379,0.1416,40.0,40.0,snap_proxy,4,3
Malik Benson,malik benson,00-0040894,BensMa00,LV,WR,2026,1,1,10.0,10.0,0.1995,0.1995,0.069,0.069,0.1372,10.0,10.0,snap_proxy,2,1
Cody White,cody white,00-0035891,WhitCo05,LV,WR,2026,1,1,16.0,16.0,0.061,0.061,0.0345,0.0345,0.0133,16.0,16.0,snap_proxy,1,0
Connor Heyward,connor heyward,00-0037304,HeywCo00,LV,FB,2026,1,1,47.0,47.0,0.0,0.0,0.0,0.0,0.0,47.0,47.0,snap_proxy,0,0
Dareke Young,dareke young,00-0037093,YounDa02,LV,WR,2026,1,1,15.0,15.0,0.0,0.0,0.0,0.0,0.0,15.0,15.0,snap_proxy,0,0
Dylan Laube,dylan laube,00-0039407,LaubDy00,LV,RB,2026,1,1,15.0,15.0,0.0,0.0,0.0,0.0,0.0,15.0,15.0,snap_proxy,0,0
Mike Washington Jr.,mike washington,00-0040878,WashMi00,LV,RB,2026,1,1,19.0,19.0,0.0,0.0,0.0,0.0,0.0,19.0,19.0,snap_proxy,0,0
Chris Myarick,chris myarick,nan,MyarCh00,LV,TE,2026,1,1,7.0,7.0,,,,,,7.0,7.0,snap_proxy,0,0
Ian Thomas,ian thomas,nan,ThomIa00,LV,TE,2026,1,1,46.0,46.0,,,,,,46.0,46.0,snap_proxy,0,0
Malik Washington,malik washington,00-0039880,WashMa00,MIA,WR,2026,1,1,98.0,98.0,0.7503,0.7503,0.2963,0.2963,0.4369,98.0,98.0,snap_proxy,8,3
Caleb Douglas,caleb douglas,00-0041523,DougCa00,MIA,WR,2026,1,1,91.0,91.0,0.6086,0.6086,0.2593,0.2593,0.3139,91.0,91.0,snap_proxy,7,5
De'Von Achane,devon achane,00-0039040,AchaDe00,MIA,RB,2026,1,1,86.0,86.0,0.2868,0.2868,0.1852,0.1852,0.0129,86.0,86.0,snap_proxy,5,4
Chris Bell,chris bell,00-0041525,BellCh00,MIA,WR,2026,1,1,52.0,52.0,0.2063,0.2063,0.0741,0.0741,0.1359,52.0,52.0,snap_proxy,2,1
Kevin Coleman,kevin coleman,00-0041529,ColeKe03,MIA,WR,2026,1,1,29.0,29.0,0.1655,0.1655,0.0741,0.0741,0.0777,29.0,29.0,snap_proxy,2,0
Greg Dulcich,greg dulcich,00-0037252,DulcGr00,MIA,TE,2026,1,1,77.0,77.0,0.1134,0.1134,0.0741,0.0741,0.0032,77.0,77.0,snap_proxy,2,2
Will Kacmarek,will kacmarek,00-0041524,KacmWi00,MIA,TE,2026,1,1,25.0,25.0,0.0691,0.0691,0.037,0.037,0.0194,25.0,25.0,snap_proxy,1,0
Jaylen Wright,jaylen wright,00-0039874,WrigJa04,MIA,RB,2026,1,1,7.0,7.0,0.0,0.0,0.0,0.0,0.0,7.0,7.0,snap_proxy,0,0
DJ Herman,dj herman,nan,HermDJ00,MIA,FB,2026,1,1,27.0,27.0,,,,,,27.0,27.0,snap_proxy,0,0
Ollie Gordon,ollie gordon,nan,GordOl00,MIA,RB,2026,1,1,7.0,7.0,,,,,,7.0,7.0,snap_proxy,0,0
Ryan Miller,ryan miller,nan,MillRy01,MIA,WR,2026,1,1,0.0,0.0,,,,,,0.0,0.0,snap_proxy,0,0
Seydou Traore,seydou traore,nan,TraoSe00,MIA,TE,2026,1,1,0.0,0.0,,,,,,0.0,0.0,snap_proxy,0,0
Justin Jefferson,justin jefferson,00-0036322,JeffJu00,MIN,WR,2026,1,1,92.0,92.0,0.9051,0.9051,0.3913,0.3913,0.4545,92.0,92.0,snap_proxy,9,8
T.J. Hockenson,tj hockenson,00-0035229,HockTJ00,MIN,TE,2026,1,1,66.0,66.0,0.3937,0.3937,0.2174,0.2174,0.0966,66.0,66.0,snap_proxy,5,4
Josh Oliver,josh oliver,00-0035249,OlivJo00,MIN,TE,2026,1,1,65.0,65.0,0.3126,0.3126,0.1739,0.1739,0.0739,65.0,65.0,snap_proxy,4,2
Jordan Addison,jordan addison,00-0038994,AddiJo00,MIN,WR,2026,1,1,83.0,83.0,0.2378,0.2378,0.087,0.087,0.1534,83.0,83.0,snap_proxy,2,0
Jauan Jennings,jauan jennings,00-0036259,JennJa00,MIN,WR,2026,1,1,48.0,48.0,0.1845,0.1845,0.0435,0.0435,0.1705,48.0,48.0,snap_proxy,1,0
Aaron Jones,aaron jones,00-0033293,JoneAa00,MIN,RB,2026,1,1,46.0,46.0,0.0811,0.0811,0.0435,0.0435,0.0227,46.0,46.0,snap_proxy,1,0
DeeJay Dallas,deejay dallas,00-0036425,DallDe00,MIN,RB,2026,1,1,9.0,9.0,0.0692,0.0692,0.0435,0.0435,0.0057,9.0,9.0,snap_proxy,1,1
Jordan Mason,jordan mason,00-0037525,MasoJo00,MIN,RB,2026,1,1,45.0,45.0,0.0,0.0,0.0,0.0,0.0,45.0,45.0,snap_proxy,0,0
Myles Price,myles price,00-0040506,PricMy00,MIN,WR,2026,1,1,5.0,5.0,0.0,0.0,0.0,0.0,0.0,5.0,5.0,snap_proxy,0,0
Gavin Bartholomew,gavin bartholomew,nan,BartGa00,MIN,TE,2026,1,1,0.0,0.0,,,,,,0.0,0.0,snap_proxy,0,0
Max Bredeson,max bredeson,nan,BredMa00,MIN,FB,2026,1,1,37.0,37.0,,,,,,37.0,37.0,snap_proxy,0,0
Tai Felton,tai felton,nan,FeltTa00,MIN,WR,2026,1,1,5.0,5.0,,,,,,5.0,5.0,snap_proxy,0,0
DeMario Douglas,demario douglas,00-0038621,DougDe00,NE,WR,2026,1,1,62.0,62.0,0.4781,0.4781,0.2258,0.2258,0.1991,62.0,62.0,snap_proxy,7,5
Mack Hollins,mack hollins,00-0033555,HollMa00,NE,WR,2026,1,1,70.0,70.0,0.4383,0.4383,0.1613,0.1613,0.2805,70.0,70.0,snap_proxy,5,4
Romeo Doubs,romeo doubs,00-0037816,DoubRo00,NE,WR,2026,1,1,56.0,56.0,0.3827,0.3827,0.0968,0.0968,0.3394,56.0,56.0,snap_proxy,3,0
Rhamondre Stevenson,rhamondre stevenson,00-0036875,StevRh00,NE,RB,2026,1,1,85.0,85.0,0.2713,0.2713,0.1935,0.1935,-0.0271,85.0,85.0,snap_proxy,6,5
A.J. Brown,aj brown,00-0035676,BrowAJ00,NE,WR,2026,1,1,44.0,44.0,0.2537,0.2537,0.129,0.129,0.086,44.0,44.0,snap_proxy,4,3
Hunter Henry,hunter henry,00-0033090,HenrHu00,NE,TE,2026,1,1,76.0,76.0,0.1832,0.1832,0.0968,0.0968,0.0543,76.0,76.0,snap_proxy,3,3
Lan Larison,lan larison,00-0040568,LariLa00,NE,RB,2026,1,1,4.0,4.0,0.0873,0.0873,0.0645,0.0645,-0.0136,4.0,4.0,snap_proxy,2,2
Eli Raridon,eli raridon,00-0041395,RariEl00,NE,TE,2026,1,1,54.0,54.0,0.0547,0.0547,0.0323,0.0323,0.009,54.0,54.0,snap_proxy,1,1
Corey Kiner,corey kiner,00-0040556,KineCo00,NE,RB,2026,1,1,11.0,11.0,0.0,0.0,0.0,0.0,0.0,11.0,11.0,snap_proxy,0,0
Kyle Williams,kyle williams,00-0040131,WillKy03,NE,WR,2026,1,1,17.0,17.0,0.0,0.0,0.0,0.0,0.0,17.0,17.0,snap_proxy,0,0
Cameron Latu,cameron latu,nan,LatuCa01,NE,TE,2026,1,1,0.0,0.0,,,,,,0.0,0.0,snap_proxy,0,0
Reggie Gilliam,reggie gilliam,nan,GillRe00,NE,FB,2026,1,1,18.0,18.0,,,,,,18.0,18.0,snap_proxy,0,0
Tanner Arkin,tanner arkin,nan,ArkiTa00,NE,TE,2026,1,1,0.0,0.0,,,,,,0.0,0.0,snap_proxy,0,0
Chris Olave,chris olave,00-0037239,OlavCh00,NO,WR,2026,1,1,86.0,86.0,0.7141,0.7141,0.25,0.25,0.4845,86.0,86.0,snap_proxy,13,10
Devaughn Vele,devaughn vele,00-0039424,VeleDe00,NO,WR,2026,1,1,91.0,91.0,0.3509,0.3509,0.1731,0.1731,0.1304,91.0,91.0,snap_proxy,9,7
Juwan Johnson,juwan johnson,00-0036040,JohnJu02,NO,TE,2026,1,1,84.0,84.0,0.3135,0.3135,0.1346,0.1346,0.1594,84.0,84.0,snap_proxy,7,3
Noah Fant,noah fant,00-0035644,FantNo00,NO,TE,2026,1,1,41.0,41.0,0.3003,0.3003,0.1538,0.1538,0.0994,41.0,41.0,snap_proxy,8,4
Travis Etienne,travis etienne,00-0036973,EtieTr00,NO,RB,2026,1,1,59.0,59.0,0.2567,0.2567,0.1731,0.1731,-0.0041,59.0,59.0,snap_proxy,9,7
Bryce Lance,bryce lance,00-0041067,LancBr00,NO,WR,2026,1,1,69.0,69.0,0.1734,0.1734,0.0769,0.0769,0.0828,69.0,69.0,snap_proxy,4,3
CJ Donaldson,cj donaldson,00-0041326,DonaCJ00,NO,RB,2026,1,1,17.0,17.0,0.0649,0.0649,0.0385,0.0385,0.0104,17.0,17.0,snap_proxy,2,1
Barion Brown,barion brown,00-0041099,BrowBa02,NO,WR,2026,1,1,8.0,8.0,0.0,0.0,0.0,0.0,0.0,8.0,8.0,snap_proxy,0,0
Kendre Miller,kendre miller,00-0038551,MillKe01,NO,RB,2026,1,1,29.0,29.0,0.0,0.0,0.0,0.0,0.0,29.0,29.0,snap_proxy,0,0
Treyton Welch,treyton welch,00-0039518,WelcTr00,NO,TE,2026,1,1,11.0,11.0,0.0,0.0,0.0,0.0,0.0,11.0,11.0,snap_proxy,0,0
Kevin Austin,kevin austin,nan,AustKe00,NO,WR,2026,1,1,6.0,6.0,,,,,,6.0,6.0,snap_proxy,0,0
Malik Nabers,malik nabers,00-0039337,NabeMa00,NYG,WR,2026,1,1,52.0,52.0,0.7598,0.7598,0.3103,0.3103,0.4204,52.0,52.0,snap_proxy,9,6
Isaiah Likely,isaiah likely,00-0037838,LikeIs00,NYG,TE,2026,1,1,49.0,49.0,0.5967,0.5967,0.2759,0.2759,0.2612,49.0,49.0,snap_proxy,8,8
Malachi Fields,malachi fields,00-0041042,FielMa00,NYG,WR,2026,1,1,72.0,72.0,0.4098,0.4098,0.1379,0.1379,0.2898,72.0,72.0,snap_proxy,4,2
Darnell Mooney,darnell mooney,00-0036309,MoonDa00,NYG,WR,2026,1,1,57.0,57.0,0.1749,0.1749,0.069,0.069,0.102,57.0,57.0,snap_proxy,2,2
Devin Singletary,devin singletary,00-0035250,SingDe00,NYG,RB,2026,1,1,36.0,36.0,0.1612,0.1612,0.1379,0.1379,-0.0653,36.0,36.0,snap_proxy,4,4
Theo Johnson,theo johnson,00-0039847,JohnTh00,NYG,TE,2026,1,1,46.0,46.0,0.0574,0.0574,0.0345,0.0345,0.0082,46.0,46.0,snap_proxy,1,1
Patrick Ricard,patrick ricard,00-0033376,RicaPa00,NYG,FB,2026,1,1,54.0,54.0,0.0403,0.0403,0.0345,0.0345,-0.0163,54.0,54.0,snap_proxy,1,0
Braxton Berrios,braxton berrios,00-0034419,BerrBr00,NYG,WR,2026,1,1,17.0,17.0,0.0,0.0,0.0,0.0,0.0,17.0,17.0,snap_proxy,0,0
Cam Skattebo,cam skattebo,00-0040715,SkatCa00,NYG,RB,2026,1,1,61.0,61.0,0.0,0.0,0.0,0.0,0.0,61.0,61.0,snap_proxy,0,0
Tyrone Tracy Jr.,tyrone tracy,00-0039384,TracTy00,NYG,RB,2026,1,1,3.0,3.0,0.0,0.0,0.0,0.0,0.0,3.0,3.0,snap_proxy,0,0
Chris Manhertz,chris manhertz,nan,ManhCh00,NYG,TE,2026,1,1,35.0,35.0,,,,,,35.0,35.0,snap_proxy,0,0
Odell Beckham Jr.,odell beckham,nan,BeckOd00,NYG,WR,2026,1,1,16.0,16.0,,,,,,16.0,16.0,snap_proxy,0,0
Garrett Wilson,garrett wilson,00-0037740,WilsGa00,NYJ,WR,2026,1,1,75.0,75.0,0.7774,0.7774,0.3043,0.3043,0.4583,75.0,75.0,snap_proxy,7,6
Adonai Mitchell,adonai mitchell,00-0039890,MitcAd00,NYJ,WR,2026,1,1,69.0,69.0,0.4415,0.4415,0.1304,0.1304,0.3512,69.0,69.0,snap_proxy,3,3
Mason Taylor,mason taylor,00-0040736,TaylMa02,NYJ,TE,2026,1,1,66.0,66.0,0.1998,0.1998,0.1304,0.1304,0.006,66.0,66.0,snap_proxy,3,2
Kenyon Sadiq,kenyon sadiq,00-0041032,SadiKe00,NYJ,TE,2026,1,1,42.0,42.0,0.1957,0.1957,0.1304,0.1304,0.0,42.0,42.0,snap_proxy,3,3
Breece Hall,breece hall,00-0038120,HallBr03,NYJ,RB,2026,1,1,58.0,58.0,0.1429,0.1429,0.087,0.087,0.0179,58.0,58.0,snap_proxy,2,2
Isaiah Williams,isaiah williams,00-0039451,WillIs03,NYJ,WR,2026,1,1,60.0,60.0,0.0944,0.0944,0.0435,0.0435,0.0417,60.0,60.0,snap_proxy,1,1
Arian Smith,arian smith,00-0040582,SmitAr01,NYJ,WR,2026,1,1,3.0,3.0,0.0819,0.0819,0.0435,0.0435,0.0238,3.0,3.0,snap_proxy,1,0
Omar Cooper,omar cooper,00-0041511,CoopOm00,NYJ,WR,2026,1,1,7.0,7.0,0.0819,0.0819,0.0435,0.0435,0.0238,7.0,7.0,snap_proxy,1,1
Jeremy Ruckert,jeremy ruckert,00-0037805,RuckJe00,NYJ,TE,2026,1,1,43.0,43.0,0.0694,0.0694,0.0435,0.0435,0.006,43.0,43.0,snap_proxy,1,1
Braelon Allen,braelon allen,00-0039794,AlleBr05,NYJ,RB,2026,1,1,40.0,40.0,0.0652,0.0652,0.0435,0.0435,0.0,40.0,40.0,snap_proxy,1,0
Andrew Beck,andrew beck,nan,BeckAn01,NYJ,FB,2026,1,1,13.0,13.0,,,,,,13.0,13.0,snap_proxy,0,0
Isaiah Davis,isaiah davis,nan,DaviIs00,NYJ,RB,2026,1,1,0.0,0.0,,,,,,0.0,0.0,snap_proxy,0,0
Jelani Woods,jelani woods,nan,WoodJe01,NYJ,TE,2026,1,1,24.0,24.0,,,,,,24.0,24.0,snap_proxy,0,0
DeVonta Smith,devonta smith,00-0036912,SmitDe07,PHI,WR,2026,1,1,95.0,95.0,0.6549,0.6549,0.2727,0.2727,0.3511,95.0,95.0,snap_proxy,6,3
Dontayvion Wicks,dontayvion wicks,00-0038393,WickDo00,PHI,WR,2026,1,1,91.0,91.0,0.5185,0.5185,0.1818,0.1818,0.3511,91.0,91.0,snap_proxy,4,2
Dallas Goedert,dallas goedert,00-0034351,GoedDa00,PHI,TE,2026,1,1,95.0,95.0,0.5027,0.5027,0.2273,0.2273,0.2311,95.0,95.0,snap_proxy,5,4
Makai Lemon,makai lemon,00-0040867,LemoMa00,PHI,WR,2026,1,1,64.0,64.0,0.2727,0.2727,0.1818,0.1818,0.0,64.0,64.0,snap_proxy,4,3
Saquon Barkley,saquon barkley,00-0034844,BarkSa00,PHI,RB,2026,1,1,71.0,71.0,0.1333,0.1333,0.0909,0.0909,-0.0044,71.0,71.0,snap_proxy,2,1
Will Shipley,will shipley,00-0039746,ShipWi00,PHI,RB,2026,1,1,18.0,18.0,0.0868,0.0868,0.0455,0.0455,0.0267,18.0,18.0,snap_proxy,1,1
Britain Covey,britain covey,00-0037132,CoveBr00,PHI,WR,2026,1,1,0.0,0.0,0.0,0.0,0.0,0.0,0.0,0.0,0.0,snap_proxy,0,0
Darius Cooper,darius cooper,00-0040024,CoopDa01,PHI,WR,2026,1,1,15.0,15.0,0.0,0.0,0.0,0.0,0.0,15.0,15.0,snap_proxy,0,0
Tank Bigsby,tank bigsby,00-0038555,BigsTa00,PHI,RB,2026,1,1,11.0,11.0,0.0,0.0,0.0,0.0,0.0,11.0,11.0,snap_proxy,0,0
E.J. Jenkins,ej jenkins,nan,JenkEJ00,PHI,TE,2026,1,1,2.0,2.0,,,,,,2.0,2.0,snap_proxy,0,0
Johnny Mundt,johnny mundt,nan,MundJo00,PHI,TE,2026,1,1,36.0,36.0,,,,,,36.0,36.0,snap_proxy,0,0
D.K. Metcalf,dk metcalf,00-0035640,MetcDK00,PIT,WR,2026,1,1,96.0,96.0,0.7563,0.7563,0.2703,0.2703,0.5012,96.0,96.0,snap_proxy,10,4
Roman Wilson,roman wilson,00-0039739,WilsRo02,PIT,WR,2026,1,1,55.0,55.0,0.46,0.46,0.1622,0.1622,0.3096,55.0,55.0,snap_proxy,6,3
Pat Freiermuth,pat freiermuth,00-0036894,FreiPa00,PIT,TE,2026,1,1,73.0,73.0,0.2388,0.2388,0.1351,0.1351,0.0516,73.0,73.0,snap_proxy,5,5
Jaylen Warren,jaylen warren,00-0037228,WarrJa01,PIT,RB,2026,1,1,37.0,37.0,0.2329,0.2329,0.1622,0.1622,-0.0147,37.0,37.0,snap_proxy,6,5
Rico Dowdle,rico dowdle,00-0036139,DowdRi01,PIT,RB,2026,1,1,58.0,58.0,0.2096,0.2096,0.1351,0.1351,0.0098,58.0,58.0,snap_proxy,5,2
Michael Pittman Jr.,michael pittman,00-0036252,PittMi01,PIT,WR,2026,1,1,88.0,88.0,0.1784,0.1784,0.0811,0.0811,0.0811,88.0,88.0,snap_proxy,3,3
Darnell Washington,darnell washington,00-0038558,WashDa03,PIT,TE,2026,1,1,64.0,64.0,0.0914,0.0914,0.0541,0.0541,0.0147,64.0,64.0,snap_proxy,2,2
Eli Heidenreich,eli heidenreich,00-0041490,HeidEl00,PIT,RB,2026,1,1,4.0,4.0,0.0,0.0,0.0,0.0,0.0,4.0,4.0,snap_proxy,0,0
Kaden Wetjen,kaden wetjen,00-0041397,WetjKa00,PIT,WR,2026,1,1,0.0,0.0,0.0,0.0,0.0,0.0,0.0,0.0,0.0,snap_proxy,0,0
Riley Nowakowski,riley nowakowski,00-0041398,NowaRi00,PIT,FB,2026,1,1,12.0,12.0,0.0,0.0,0.0,0.0,0.0,12.0,12.0,snap_proxy,0,0
Ben Skowronek,ben skowronek,nan,SkowBe00,PIT,WR,2026,1,1,0.0,0.0,,,,,,0.0,0.0,snap_proxy,0,0
Germie Bernard,germie bernard,nan,BernGe00,PIT,WR,2026,1,1,4.0,4.0,,,,,,4.0,4.0,snap_proxy,0,0
Robert Tonyan,robert tonyan,nan,TonyRo00,PIT,TE,2026,1,1,3.0,3.0,,,,,,3.0,3.0,snap_proxy,0,0
Jaxon Smith-Njigba,jaxon smith njigba,00-0038543,SmitJa06,SEA,WR,2026,1,1,90.0,90.0,1.033,1.033,0.4583,0.4583,0.4935,90.0,90.0,snap_proxy,11,8
Cooper Kupp,cooper kupp,00-0033908,KuppCo00,SEA,WR,2026,1,1,78.0,78.0,0.4102,0.4102,0.125,0.125,0.3182,78.0,78.0,snap_proxy,3,2
Rashid Shaheed,rashid shaheed,00-0037545,ShahRa00,SEA,WR,2026,1,1,66.0,66.0,0.2739,0.2739,0.125,0.125,0.1234,66.0,66.0,snap_proxy,3,1
Brady Russell,brady russell,00-0038488,RussBr00,SEA,FB,2026,1,1,34.0,34.0,0.1523,0.1523,0.0833,0.0833,0.039,34.0,34.0,snap_proxy,2,2
AJ Barner,aj barner,00-0039793,BarnAJ00,SEA,TE,2026,1,1,88.0,88.0,0.1205,0.1205,0.0833,0.0833,-0.0065,88.0,88.0,snap_proxy,2,2
Jadarian Price,jadarian price,00-0041512,PricJa02,SEA,RB,2026,1,1,48.0,48.0,0.1205,0.1205,0.0833,0.0833,-0.0065,48.0,48.0,snap_proxy,2,2
George Holani,george holani,00-0039299,HolaGe00,SEA,RB,2026,1,1,46.0,46.0,0.0898,0.0898,0.0417,0.0417,0.039,46.0,46.0,snap_proxy,1,0
Emanuel Wilson,emanuel wilson,00-0038797,WilsEm00,SEA,RB,2026,1,1,6.0,6.0,0.0,0.0,0.0,0.0,0.0,6.0,6.0,snap_proxy,0,0
Eric Saubert,eric saubert,00-0033576,SaubEr00,SEA,TE,2026,1,1,20.0,20.0,0.0,0.0,0.0,0.0,0.0,20.0,20.0,snap_proxy,0,0
Montorie Foster,montorie foster,00-0040621,FostMo00,SEA,WR,2026,1,1,0.0,0.0,0.0,0.0,0.0,0.0,0.0,0.0,0.0,snap_proxy,0,0
Elijah Arroyo,elijah arroyo,nan,ArroEl00,SEA,TE,2026,1,1,22.0,22.0,,,,,,22.0,22.0,snap_proxy,0,0
Velus Jones Jr.,velus jones,nan,JoneVe00,SEA,RB,2026,1,1,0.0,0.0,,,,,,0.0,0.0,snap_proxy,0,0
Mike Evans,mike evans,00-0031408,EvanMi00,SF,WR,2026,1,1,75.0,75.0,0.5672,0.5672,0.2059,0.2059,0.3691,75.0,75.0,snap_proxy,7,6
George Kittle,george kittle,00-0033288,KittGe00,SF,TE,2026,1,1,46.0,46.0,0.3991,0.3991,0.1471,0.1471,0.255,46.0,46.0,snap_proxy,5,2
Deebo Samuel,deebo samuel,00-0035719,SamuDe00,SF,WR,2026,1,1,42.0,42.0,0.3887,0.3887,0.2059,0.2059,0.1141,42.0,42.0,snap_proxy,7,6
Demarcus Robinson,demarcus robinson,00-0032775,RobiDe01,SF,WR,2026,1,1,63.0,63.0,0.3438,0.3438,0.0882,0.0882,0.302,63.0,63.0,snap_proxy,3,2
Christian McCaffrey,christian mccaffrey,00-0033280,McCaCh01,SF,RB,2026,1,1,55.0,55.0,0.3388,0.3388,0.2353,0.2353,-0.0201,55.0,55.0,snap_proxy,8,5
Luke Farrell,luke farrell,00-0036887,FarrLu00,SF,TE,2026,1,1,71.0,71.0,0.1023,0.1023,0.0588,0.0588,0.0201,71.0,71.0,snap_proxy,2,2
Kaelon Black,kaelon black,00-0041052,BlacKa00,SF,RB,2026,1,1,43.0,43.0,0.0206,0.0206,0.0294,0.0294,-0.0336,43.0,43.0,snap_proxy,1,1
Jacob Cowing,jacob cowing,00-0039365,CowiJa00,SF,WR,2026,1,1,8.0,8.0,0.0,0.0,0.0,0.0,0.0,8.0,8.0,snap_proxy,0,0
KhaDarel Hodge,khadarel hodge,00-0034854,HodgKh00,SF,WR,2026,1,1,2.0,2.0,0.0,0.0,0.0,0.0,0.0,2.0,2.0,snap_proxy,0,0
De'Zhaun Stribling,dezhaun stribling,nan,StriDe01,SF,WR,2026,1,1,32.0,32.0,,,,,,32.0,32.0,snap_proxy,0,0
Jake Tonges,jake tonges,nan,TongJa00,SF,TE,2026,1,1,12.0,12.0,,,,,,12.0,12.0,snap_proxy,0,0
Kyle Juszczyk,kyle juszczyk,nan,JuszKy00,SF,FB,2026,1,1,51.0,51.0,,,,,,51.0,51.0,snap_proxy,0,0
Emeka Egbuka,emeka egbuka,00-0040129,EgbuEm01,TB,WR,2026,1,1,86.0,86.0,0.7445,0.7445,0.2222,0.2222,0.5874,86.0,86.0,snap_proxy,6,5
Cade Otton,cade otton,00-0038129,OttoCa00,TB,TE,2026,1,1,98.0,98.0,0.4344,0.4344,0.1852,0.1852,0.2238,98.0,98.0,snap_proxy,5,3
Ted Hurst,ted hurst,00-0041048,HursTe00,TB,WR,2026,1,1,75.0,75.0,0.3331,0.3331,0.1111,0.1111,0.2378,75.0,75.0,snap_proxy,3,3
Bucky Irving,bucky irving,00-0039361,IrviBu00,TB,RB,2026,1,1,61.0,61.0,0.2665,0.2665,0.2593,0.2593,-0.1748,61.0,61.0,snap_proxy,7,7
Chris Godwin,chris godwin,00-0033921,GodwCh00,TB,WR,2026,1,1,86.0,86.0,0.2369,0.2369,0.1481,0.1481,0.021,86.0,86.0,snap_proxy,4,4
Tez Johnson,tez johnson,00-0040237,JohnTe03,TB,WR,2026,1,1,23.0,23.0,0.0996,0.0996,0.037,0.037,0.0629,23.0,23.0,snap_proxy,1,0
Bauer Sharp,bauer sharp,00-0041094,SharBa00,TB,TE,2026,1,1,2.0,2.0,0.0,0.0,0.0,0.0,0.0,2.0,2.0,snap_proxy,0,0
Josh Williams,josh williams,00-0040429,WillJo011,TB,RB,2026,1,1,0.0,0.0,0.0,0.0,0.0,0.0,0.0,0.0,0.0,snap_proxy,0,0
Kameron Johnson,kameron johnson,00-0039589,JohnKa01,TB,WR,2026,1,1,9.0,9.0,0.0,0.0,0.0,0.0,0.0,9.0,9.0,snap_proxy,0,0
Kenneth Gainwell,kenneth gainwell,nan,GainKe00,TB,RB,2026,1,1,46.0,46.0,,,,,,46.0,46.0,snap_proxy,0,0
Ko Kieft,ko kieft,nan,KiefKo00,TB,TE,2026,1,1,2.0,2.0,,,,,,2.0,2.0,snap_proxy,0,0
Payne Durham,payne durham,nan,DurhPa00,TB,TE,2026,1,1,12.0,12.0,,,,,,12.0,12.0,snap_proxy,0,0
Carnell Tate,carnell tate,00-0041438,TateCa00,TEN,WR,2026,1,1,88.0,88.0,0.5683,0.5683,0.2143,0.2143,0.3526,88.0,88.0,snap_proxy,6,4
Wan'Dale Robinson,wandale robinson,00-0038117,RobiWa01,TEN,WR,2026,1,1,82.0,82.0,0.4062,0.4062,0.2143,0.2143,0.1211,82.0,82.0,snap_proxy,6,5
Gunnar Helm,gunnar helm,00-0040584,HelmGu00,TEN,TE,2026,1,1,76.0,76.0,0.3305,0.3305,0.1786,0.1786,0.0895,76.0,76.0,snap_proxy,5,4
Elic Ayomanor,elic ayomanor,00-0040170,AyomEl00,TEN,WR,2026,1,1,52.0,52.0,0.3118,0.3118,0.1071,0.1071,0.2158,52.0,52.0,snap_proxy,3,1
Tony Pollard,tony pollard,00-0035261,PollTo00,TEN,RB,2026,1,1,52.0,52.0,0.1956,0.1956,0.0714,0.0714,0.1263,52.0,52.0,snap_proxy,2,1
Tyjae Spears,tyjae spears,00-0039032,SpeaTy00,TEN,RB,2026,1,1,50.0,50.0,0.1701,0.1701,0.1429,0.1429,-0.0632,50.0,50.0,snap_proxy,4,2
Chimere Dike,chimere dike,00-0040705,DikeCh00,TEN,WR,2026,1,1,8.0,8.0,0.0646,0.0646,0.0357,0.0357,0.0158,8.0,8.0,snap_proxy,1,1
Daniel Bellinger,daniel bellinger,00-0038115,BellDa00,TEN,TE,2026,1,1,28.0,28.0,0.0573,0.0573,0.0357,0.0357,0.0053,28.0,28.0,snap_proxy,1,1
Calvin Ridley,calvin ridley,nan,RidlCa00,TEN,WR,2026,1,1,64.0,64.0,,,,,,64.0,64.0,snap_proxy,0,0
David Martin-Robinson,david martin robinson,nan,MartDa01,TEN,TE,2026,1,1,0.0,0.0,,,,,,0.0,0.0,snap_proxy,0,0
Julius Chestnut,julius chestnut,nan,ChesJu00,TEN,RB,2026,1,1,0.0,0.0,,,,,,0.0,0.0,snap_proxy,0,0
Kylen Granson,kylen granson,nan,GranKy00,TEN,TE,2026,1,1,0.0,0.0,,,,,,0.0,0.0,snap_proxy,0,0
Stefon Diggs,stefon diggs,00-0031588,DiggSt00,WSH,WR,2026,1,1,63.0,63.0,0.6488,0.6488,0.3103,0.3103,0.2618,63.0,63.0,snap_proxy,9,4
Antonio Williams,antonio williams,00-0041040,WillAn04,WSH,WR,2026,1,1,37.0,37.0,0.3283,0.3283,0.1379,0.1379,0.1735,37.0,37.0,snap_proxy,4,4
Terry McLaurin,terry mclaurin,00-0035659,McLaTe00,WSH,WR,2026,1,1,87.0,87.0,0.2555,0.2555,0.1379,0.1379,0.0694,87.0,87.0,snap_proxy,4,2
Dyami Brown,dyami brown,00-0036626,BrowDy00,WSH,WR,2026,1,1,53.0,53.0,0.2448,0.2448,0.069,0.069,0.2019,53.0,53.0,snap_proxy,2,0
Chig Okonkwo,chig okonkwo,00-0037809,OkonCh00,WSH,TE,2026,1,1,56.0,56.0,0.2413,0.2413,0.1034,0.1034,0.123,56.0,56.0,snap_proxy,3,2
John Bates,john bates,00-0036628,BateJo00,WSH,TE,2026,1,1,49.0,49.0,0.1684,0.1684,0.1034,0.1034,0.0189,49.0,49.0,snap_proxy,3,2
Rachaad White,rachaad white,00-0037256,WhitRa01,WSH,RB,2026,1,1,41.0,41.0,0.0814,0.0814,0.069,0.069,-0.0315,41.0,41.0,snap_proxy,2,2
Jaylin Lane,jaylin lane,00-0040164,LaneJa00,WSH,WR,2026,1,1,26.0,26.0,0.0606,0.0606,0.0345,0.0345,0.0126,26.0,26.0,snap_proxy,1,1
Jacory Croskey-Merritt,jacory croskey merritt,00-0040242,CrosJa00,WSH,RB,2026,1,1,49.0,49.0,0.0363,0.0363,0.0345,0.0345,-0.0221,49.0,49.0,snap_proxy,1,1
Colson Yankoff,colson yankoff,00-0039686,YankCo00,WSH,TE,2026,1,1,3.0,3.0,0.0,0.0,0.0,0.0,0.0,3.0,3.0,snap_proxy,0,0
Kaytron Allen,kaytron allen,00-0041096,AlleKa01,WSH,RB,2026,1,1,10.0,10.0,0.0,0.0,0.0,0.0,0.0,10.0,10.0,snap_proxy,0,0
Ben Sinnott,ben sinnott,nan,SinnBe00,WSH,TE,2026,1,1,26.0,26.0,,,,,,26.0,26.0,snap_proxy,0,0
