season,week,game_id,player,player_norm,gsis_id,pfr_player_id,team,opponent,position,offense_snaps,snap_pct,route_pct,route_pct_source,targets,receptions,receiving_yards,target_share,air_yards_share,wopr,player_display_name,player_name
2026,1,2026_01_ARI_LAC,Quentin Johnston,quentin johnston,00-0038544,JohnQu02,LAC,ARI,WR,43,78.0,78.0,snap_proxy,6.0,2.0,17.0,0.222222222222222,0.142857142857143,0.433333333333333,Quentin Johnston,Q.Johnston
2026,1,2026_01_ARI_LAC,Tre Harris,tre harris,00-0040727,HarrTr03,LAC,ARI,WR,41,75.0,75.0,snap_proxy,6.0,3.0,20.0,0.222222222222222,0.172161172161172,0.453846153846154,Tre Harris,T.Harris
2026,1,2026_01_ARI_LAC,Omarion Hampton,omarion hampton,00-0040666,HampOm00,LAC,ARI,RB,32,57.99999999999999,57.99999999999999,snap_proxy,0.0,0.0,0.0,0.0,0.0,0.0,Omarion Hampton,O.Hampton
2026,1,2026_01_ARI_LAC,Charlie Kolar,charlie kolar,00-0038046,KolaCh00,LAC,ARI,TE,30,55.00000000000001,55.00000000000001,snap_proxy,0.0,0.0,0.0,0.0,0.0,0.0,Charlie Kolar,C.Kolar
2026,1,2026_01_ARI_LAC,David Njoku,david njoku,00-0033885,NjokDa00,LAC,ARI,TE,30,55.00000000000001,55.00000000000001,snap_proxy,5.0,5.0,58.0,0.185185185185185,0.102564102564103,0.34957264957265,David Njoku,D.Njoku
2026,1,2026_01_ARI_LAC,Ladd McConkey,ladd mcconkey,00-0039915,McCoLa00,LAC,ARI,WR,27,49.0,49.0,snap_proxy,7.0,5.0,82.0,0.259259259259259,0.355311355311355,0.637606837606838,Ladd McConkey,L.McConkey
2026,1,2026_01_ARI_LAC,Alec Ingold,alec ingold,00-0035125,IngoAl01,LAC,ARI,FB,21,38.0,38.0,snap_proxy,0.0,0.0,0.0,0.0,0.0,0.0,Alec Ingold,A.Ingold
2026,1,2026_01_ARI_LAC,Keaton Mitchell,keaton mitchell,00-0038454,MitcKe01,LAC,ARI,RB,17,31.0,31.0,snap_proxy,0.0,0.0,0.0,0.0,0.0,0.0,Keaton Mitchell,K.Mitchell
2026,1,2026_01_ARI_LAC,Derius Davis,derius davis,00-0038573,DaviDe02,LAC,ARI,WR,10,18.0,18.0,snap_proxy,1.0,0.0,0.0,0.037037037037037,0.201465201465201,0.196581196581197,Derius Davis,D.Davis
2026,1,2026_01_ARI_LAC,Oronde Gadsden II,oronde gadsden,00-0040189,GadsOr01,LAC,ARI,TE,10,18.0,18.0,snap_proxy,2.0,2.0,32.0,0.0740740740740741,0.0256410256410256,0.129059829059829,Oronde Gadsden II,O.Gadsden
2026,1,2026_01_ARI_LAC,Brenen Thompson,brenen thompson,,ThomBr07,LAC,ARI,WR,10,18.0,18.0,snap_proxy,,,,,,,,
2026,1,2026_01_ARI_LAC,Kimani Vidal,kimani vidal,,VidaKi00,LAC,ARI,RB,4,7.000000000000001,7.000000000000001,snap_proxy,,,,,,,,
2026,1,2026_01_ARI_LAC,KeAndre Lambert-Smith,keandre lambert smith,,LambKe01,LAC,ARI,WR,0,0.0,0.0,snap_proxy,,,,,,,,
2026,1,2026_01_ARI_LAC,Michael Wilson,michael wilson,00-0038559,WilsMi02,ARI,LAC,WR,64,85.0,85.0,snap_proxy,7.0,5.0,56.0,0.189189189189189,0.293286219081272,0.489084137140674,Michael Wilson,Mi.Wilson
2026,1,2026_01_ARI_LAC,Trey McBride,trey mcbride,00-0037744,McBrTr01,ARI,LAC,TE,60,80.0,80.0,snap_proxy,13.0,9.0,95.0,0.351351351351351,0.314487632508834,0.747168369783211,Trey McBride,T.McBride
2026,1,2026_01_ARI_LAC,Marvin Harrison Jr.,marvin harrison,00-0039849,HarrMa09,ARI,LAC,WR,59,79.0,79.0,snap_proxy,3.0,1.0,33.0,0.0810810810810811,0.250883392226148,0.297239996179925,Marvin Harrison Jr.,M.Harrison
2026,1,2026_01_ARI_LAC,Kendrick Bourne,kendrick bourne,00-0033307,BourKe00,ARI,LAC,WR,50,67.0,67.0,snap_proxy,8.0,8.0,75.0,0.216216216216216,0.141342756183746,0.423264253652946,Kendrick Bourne,K.Bourne
2026,1,2026_01_ARI_LAC,Tyler Allgeier,tyler allgeier,00-0037263,AllgTy00,ARI,LAC,RB,44,59.0,59.0,snap_proxy,2.0,2.0,9.0,0.0540540540540541,-0.0176678445229682,0.0687135899150033,Tyler Allgeier,T.Allgeier
2026,1,2026_01_ARI_LAC,Jeremiyah Love,jeremiyah love,00-0041027,LoveJe00,ARI,LAC,RB,32,43.0,43.0,snap_proxy,4.0,2.0,9.0,0.108108108108108,0.0176678445229682,0.17452965332824,Jeremiyah Love,J.Love
2026,1,2026_01_ARI_LAC,Hunter Long,hunter long,00-0037004,LongHu00,ARI,LAC,TE,26,35.0,35.0,snap_proxy,0.0,0.0,0.0,0.0,0.0,0.0,Hunter Long,H.Long
2026,1,2026_01_ARI_LAC,Elijah Higgins,elijah higgins,,HiggEl00,ARI,LAC,TE,20,27.0,27.0,snap_proxy,,,,,,,,
2026,1,2026_01_ARI_LAC,Simi Fehoko,simi fehoko,00-0036646,FehoSi00,ARI,LAC,WR,6,8.0,8.0,snap_proxy,0.0,0.0,0.0,0.0,0.0,0.0,Simi Fehoko,S.Fehoko
2026,1,2026_01_ARI_LAC,Jalen Brooks,jalen brooks,,BrooJa03,ARI,LAC,WR,4,5.0,5.0,snap_proxy,,,,,,,,
2026,1,2026_01_ARI_LAC,Zonovan Knight,zonovan knight,,KnigZo00,ARI,LAC,RB,3,4.0,4.0,snap_proxy,,,,,,,,
2026,1,2026_01_ARI_LAC,Devin Duvernay,devin duvernay,00-0036331,DuveDe00,ARI,LAC,WR,0,0.0,0.0,snap_proxy,0.0,0.0,0.0,0.0,0.0,0.0,Devin Duvernay,D.Duvernay
2026,1,2026_01_ATL_PIT,D.K. Metcalf,dk metcalf,00-0035640,MetcDK00,PIT,ATL,WR,64,96.0,96.0,snap_proxy,10.0,4.0,40.0,0.27027027027027,0.501228501228501,0.756265356265356,DK Metcalf,D.Metcalf
2026,1,2026_01_ATL_PIT,Michael Pittman Jr.,michael pittman,00-0036252,PittMi01,PIT,ATL,WR,59,88.0,88.0,snap_proxy,3.0,3.0,58.0,0.0810810810810811,0.0810810810810811,0.178378378378378,Michael Pittman,M.Pittman
2026,1,2026_01_ATL_PIT,Pat Freiermuth,pat freiermuth,00-0036894,FreiPa00,PIT,ATL,TE,49,73.0,73.0,snap_proxy,5.0,5.0,46.0,0.135135135135135,0.0515970515970516,0.238820638820639,Pat Freiermuth,P.Freiermuth
2026,1,2026_01_ATL_PIT,Darnell Washington,darnell washington,00-0038558,WashDa03,PIT,ATL,TE,43,64.0,64.0,snap_proxy,2.0,2.0,18.0,0.0540540540540541,0.0147420147420147,0.0914004914004914,Darnell Washington,D.Washington
2026,1,2026_01_ATL_PIT,Rico Dowdle,rico dowdle,00-0036139,DowdRi01,PIT,ATL,RB,39,57.99999999999999,57.99999999999999,snap_proxy,5.0,2.0,6.0,0.135135135135135,0.0098280098280098,0.20958230958231,Rico Dowdle,R.Dowdle
2026,1,2026_01_ATL_PIT,Roman Wilson,roman wilson,00-0039739,WilsRo02,PIT,ATL,WR,37,55.00000000000001,55.00000000000001,snap_proxy,6.0,3.0,26.0,0.162162162162162,0.30958230958231,0.45995085995086,Roman Wilson,R.Wilson
2026,1,2026_01_ATL_PIT,Jaylen Warren,jaylen warren,00-0037228,WarrJa01,PIT,ATL,RB,25,37.0,37.0,snap_proxy,6.0,5.0,27.0,0.162162162162162,-0.0147420147420147,0.232923832923833,Jaylen Warren,J.Warren
2026,1,2026_01_ATL_PIT,Riley Nowakowski,riley nowakowski,00-0041398,NowaRi00,PIT,ATL,FB,8,12.0,12.0,snap_proxy,0.0,0.0,0.0,0.0,0.0,0.0,Riley Nowakowski,R.Nowakowski
2026,1,2026_01_ATL_PIT,Eli Heidenreich,eli heidenreich,00-0041490,HeidEl00,PIT,ATL,RB,3,4.0,4.0,snap_proxy,0.0,0.0,0.0,0.0,0.0,0.0,Eli Heidenreich,E.Heidenreich
2026,1,2026_01_ATL_PIT,Germie Bernard,germie bernard,,BernGe00,PIT,ATL,WR,3,4.0,4.0,snap_proxy,,,,,,,,
2026,1,2026_01_ATL_PIT,Robert Tonyan,robert tonyan,,TonyRo00,PIT,ATL,TE,2,3.0,3.0,snap_proxy,,,,,,,,
2026,1,2026_01_ATL_PIT,Ben Skowronek,ben skowronek,,SkowBe00,PIT,ATL,WR,0,0.0,0.0,snap_proxy,,,,,,,,
2026,1,2026_01_ATL_PIT,Kaden Wetjen,kaden wetjen,00-0041397,WetjKa00,PIT,ATL,WR,0,0.0,0.0,snap_proxy,0.0,0.0,0.0,0.0,0.0,0.0,Kaden Wetjen,K.Wetjen
2026,1,2026_01_ATL_PIT,Drake London,drake london,00-0037238,LondDr00,ATL,PIT,WR,59,98.0,98.0,snap_proxy,4.0,2.0,29.0,0.210526315789474,0.285714285714286,0.51578947368421,Drake London,D.London
2026,1,2026_01_ATL_PIT,Bijan Robinson,bijan robinson,00-0038542,RobiBi01,ATL,PIT,RB,46,77.0,77.0,snap_proxy,10.0,8.0,90.0,0.526315789473684,-0.38961038961039,0.516746411483254,Bijan Robinson,Bi.Robinson
2026,1,2026_01_ATL_PIT,Kyle Pitts,kyle pitts,00-0036970,PittKy00,ATL,PIT,TE,38,63.0,63.0,snap_proxy,1.0,0.0,0.0,0.0526315789473684,0.337662337662338,0.315311004784689,Kyle Pitts,K.Pitts
2026,1,2026_01_ATL_PIT,Jahan Dotson,jahan dotson,00-0037741,DotsJa00,ATL,PIT,WR,38,63.0,63.0,snap_proxy,3.0,1.0,19.0,0.157894736842105,0.675324675324675,0.709569377990431,Jahan Dotson,J.Dotson
2026,1,2026_01_ATL_PIT,Charlie Woerner,charlie woerner,,WoerCh00,ATL,PIT,TE,37,62.0,62.0,snap_proxy,,,,,,,,
2026,1,2026_01_ATL_PIT,Zachariah Branch,zachariah branch,00-0041044,BranZa00,ATL,PIT,WR,18,30.0,30.0,snap_proxy,0.0,0.0,0.0,0.0,0.0,0.0,Zachariah Branch,Z.Branch
2026,1,2026_01_ATL_PIT,Olamide Zaccheaus,olamide zaccheaus,00-0035208,ZaccOl01,ATL,PIT,WR,18,30.0,30.0,snap_proxy,1.0,1.0,5.0,0.0526315789473684,0.0649350649350649,0.124401913875598,Olamide Zaccheaus,O.Zaccheaus
2026,1,2026_01_ATL_PIT,Brian Robinson Jr.,brian robinson,00-0037746,RobiBr01,ATL,PIT,RB,15,25.0,25.0,snap_proxy,0.0,0.0,0.0,0.0,0.0,0.0,Brian Robinson,Br.Robinson
2026,1,2026_01_ATL_PIT,Austin Hooper,austin hooper,,HoopAu00,ATL,PIT,TE,14,23.0,23.0,snap_proxy,,,,,,,,
2026,1,2026_01_ATL_PIT,Chris Blair,chris blair,00-0036463,BlaiCh00,ATL,PIT,WR,10,17.0,17.0,snap_proxy,0.0,0.0,0.0,0.0,0.0,0.0,Chris Blair,C.Blair
2026,1,2026_01_ATL_PIT,Nick Muse,nick muse,00-0037317,MuseNi00,ATL,PIT,TE,5,8.0,8.0,snap_proxy,0.0,0.0,0.0,0.0,0.0,0.0,Nick Muse,N.Muse
2026,1,2026_01_BAL_IND,Tyler Warren,tyler warren,00-0040128,WarrTy00,IND,BAL,TE,50,93.0,93.0,snap_proxy,5.0,3.0,13.0,0.172413793103448,0.114427860696517,0.338720192142735,Tyler Warren,T.Warren
2026,1,2026_01_BAL_IND,Josh Downs,josh downs,00-0038997,DownJo00,IND,BAL,WR,48,89.0,89.0,snap_proxy,4.0,2.0,37.0,0.137931034482759,0.17910447761194,0.332269686052496,Josh Downs,J.Downs
2026,1,2026_01_BAL_IND,Jonathan Taylor,jonathan taylor,00-0036223,TaylJo02,IND,BAL,RB,48,89.0,89.0,snap_proxy,4.0,3.0,23.0,0.137931034482759,0.0,0.206896551724138,Jonathan Taylor,J.Taylor
2026,1,2026_01_BAL_IND,Keenan Allen,keenan allen,00-0030279,AlleKe00,IND,BAL,WR,36,67.0,67.0,snap_proxy,6.0,6.0,32.0,0.206896551724138,0.109452736318408,0.386961743009092,Keenan Allen,K.Allen
2026,1,2026_01_BAL_IND,Alec Pierce,alec pierce,00-0037664,PierAl00,IND,BAL,WR,32,59.0,59.0,snap_proxy,6.0,4.0,61.0,0.206896551724138,0.512437810945274,0.669051295247899,Alec Pierce,A.Pierce
2026,1,2026_01_BAL_IND,Laquon Treadwell,laquon treadwell,00-0032951,TreaLa00,IND,BAL,WR,19,35.0,35.0,snap_proxy,1.0,0.0,0.0,0.0344827586206897,0.0199004975124378,0.0656544861897409,Laquon Treadwell,L.Treadwell
2026,1,2026_01_BAL_IND,Mo Alie-Cox,mo alie cox,,AlieMo00,IND,BAL,TE,14,26.0,26.0,snap_proxy,,,,,,,,
2026,1,2026_01_BAL_IND,Ashton Dulin,ashton dulin,00-0035021,DuliAs00,IND,BAL,WR,10,19.0,19.0,snap_proxy,1.0,0.0,0.0,0.0344827586206897,0.0,0.0517241379310345,Ashton Dulin,A.Dulin
2026,1,2026_01_BAL_IND,Andrew Ogletree,andrew ogletree,00-0037292,OgleAn00,IND,BAL,TE,6,11.0,11.0,snap_proxy,1.0,0.0,0.0,0.0344827586206897,0.0149253731343284,0.0621718991250643,Andrew Ogletree,A.Ogletree
2026,1,2026_01_BAL_IND,Seth McGowan,seth mcgowan,00-0041125,McGoSe01,IND,BAL,RB,6,11.0,11.0,snap_proxy,1.0,1.0,0.0,0.0344827586206897,-0.0099502487562189,0.0447589638016813,Seth McGowan,S.McGowan
2026,1,2026_01_BAL_IND,Deion Burks,deion burks,,BurkDe02,IND,BAL,WR,0,0.0,0.0,snap_proxy,,,,,,,,
2026,1,2026_01_BAL_IND,Rashod Bateman,rashod bateman,00-0036550,BateRa00,BAL,IND,WR,53,78.0,78.0,snap_proxy,1.0,0.0,0.0,0.0416666666666667,0.0855018587360595,0.122351301115242,Rashod Bateman,R.Bateman
2026,1,2026_01_BAL_IND,Mark Andrews,mark andrews,00-0034753,AndrMa00,BAL,IND,TE,49,72.0,72.0,snap_proxy,6.0,4.0,49.0,0.25,0.163568773234201,0.489498141263941,Mark Andrews,M.Andrews
2026,1,2026_01_BAL_IND,Durham Smythe,durham smythe,00-0034798,SmytDu00,BAL,IND,TE,42,62.0,62.0,snap_proxy,1.0,1.0,4.0,0.0416666666666667,0.0148698884758364,0.0729089219330855,Durham Smythe,D.Smythe
2026,1,2026_01_BAL_IND,Derrick Henry,derrick henry,00-0032764,HenrDe00,BAL,IND,RB,37,54.0,54.0,snap_proxy,1.0,1.0,19.0,0.0416666666666667,-0.0037174721189591,0.0598977695167286,Derrick Henry,D.Henry
2026,1,2026_01_BAL_IND,Justice Hill,justice hill,00-0034975,HillJu00,BAL,IND,RB,31,46.0,46.0,snap_proxy,1.0,1.0,10.0,0.0416666666666667,-0.0037174721189591,0.0598977695167286,Justice Hill,J.Hill
2026,1,2026_01_BAL_IND,Ja'Kobi Lane,jakobi lane,00-0040870,LaneJa01,BAL,IND,WR,27,40.0,40.0,snap_proxy,3.0,1.0,11.0,0.125,0.111524163568773,0.265566914498141,Ja'Kobi Lane,J.Lane
2026,1,2026_01_BAL_IND,Chris Moore,chris moore,00-0032398,MoorCh00,BAL,IND,WR,25,37.0,37.0,snap_proxy,2.0,1.0,53.0,0.0833333333333333,0.252788104089219,0.301951672862454,Chris Moore,C.Moore
2026,1,2026_01_BAL_IND,Matthew Hibner,matthew hibner,00-0040879,HibnMa00,BAL,IND,TE,23,34.0,34.0,snap_proxy,1.0,1.0,13.0,0.0416666666666667,0.0037174721189591,0.0651022304832714,Matthew Hibner,M.Hibner
2026,1,2026_01_BAL_IND,LaJohntay Wester,lajohntay wester,00-0040075,WestLa01,BAL,IND,WR,20,28.999999999999996,28.999999999999996,snap_proxy,2.0,2.0,15.0,0.0833333333333333,0.0408921933085502,0.153624535315985,LaJohntay Wester,L.Wester
2026,1,2026_01_BAL_IND,Zay Flowers,zay flowers,00-0039064,FlowZa00,BAL,IND,WR,20,28.999999999999996,28.999999999999996,snap_proxy,6.0,5.0,150.0,0.25,0.338289962825279,0.611802973977695,Zay Flowers,Z.Flowers
2026,1,2026_01_BAL_IND,Josh Cuevas,josh cuevas,,CuevJo00,BAL,IND,TE,6,9.0,9.0,snap_proxy,,,,,,,,
2026,1,2026_01_BAL_IND,Rasheen Ali,rasheen ali,00-0039796,AlixRa00,BAL,IND,RB,0,0.0,0.0,snap_proxy,0.0,0.0,0.0,0.0,0.0,0.0,Rasheen Ali,R.Ali
2026,1,2026_01_BUF_HOU,Nico Collins,nico collins,00-0036554,CollNi00,HOU,BUF,WR,57,72.0,72.0,snap_proxy,10.0,7.0,75.0,0.27027027027027,0.372670807453416,0.666274970622797,Nico Collins,N.Collins
2026,1,2026_01_BUF_HOU,Dalton Schultz,dalton schultz,00-0034383,SchuDa00,HOU,BUF,TE,52,66.0,66.0,snap_proxy,8.0,4.0,35.0,0.216216216216216,0.0807453416149068,0.380846063454759,Dalton Schultz,D.Schultz
2026,1,2026_01_BUF_HOU,Xavier Hutchinson,xavier hutchinson,00-0038618,HutcXa00,HOU,BUF,WR,44,56.00000000000001,56.00000000000001,snap_proxy,6.0,3.0,32.0,0.162162162162162,0.177018633540373,0.367156286721504,Xavier Hutchinson,X.Hutchinson
2026,1,2026_01_BUF_HOU,Woody Marks,woody marks,00-0040583,MarkWo00,HOU,BUF,RB,40,51.0,51.0,snap_proxy,1.0,1.0,-2.0,0.027027027027027,-0.0062111801242236,0.036192714453584,Woody Marks,W.Marks
2026,1,2026_01_BUF_HOU,David Montgomery,david montgomery,00-0035685,MontDa01,HOU,BUF,RB,39,49.0,49.0,snap_proxy,3.0,3.0,19.0,0.0810810810810811,0.015527950310559,0.132491186839013,David Montgomery,D.Montgomery
2026,1,2026_01_BUF_HOU,Kayshon Boutte,kayshon boutte,00-0038608,BoutKa00,HOU,BUF,WR,36,46.0,46.0,snap_proxy,2.0,1.0,21.0,0.0540540540540541,0.0993788819875776,0.150646298472385,Kayshon Boutte,K.Boutte
2026,1,2026_01_BUF_HOU,Foster Moreau,foster moreau,00-0034981,MoreFo00,HOU,BUF,TE,35,44.0,44.0,snap_proxy,2.0,2.0,15.0,0.0540540540540541,0.0217391304347826,0.0962984723854289,Foster Moreau,F.Moreau
2026,1,2026_01_BUF_HOU,Jared Wayne,jared wayne,00-0038728,WaynJa01,HOU,BUF,WR,25,32.0,32.0,snap_proxy,1.0,1.0,12.0,0.027027027027027,0.0372670807453416,0.0666274970622797,Jared Wayne,J.Wayne
2026,1,2026_01_BUF_HOU,Cade Stover,cade stover,00-0039359,StovCa00,HOU,BUF,TE,24,30.0,30.0,snap_proxy,1.0,1.0,-2.0,0.027027027027027,-0.0062111801242236,0.036192714453584,Cade Stover,C.Stover
2026,1,2026_01_BUF_HOU,Jaylin Noel,jaylin noel,00-0040138,NoelJa00,HOU,BUF,WR,24,30.0,30.0,snap_proxy,2.0,2.0,53.0,0.0540540540540541,0.0807453416149068,0.137602820211516,Jaylin Noel,J.Noel
2026,1,2026_01_BUF_HOU,Marlin Klein,marlin klein,00-0041472,KleiMa00,HOU,BUF,TE,9,11.0,11.0,snap_proxy,1.0,1.0,16.0,0.027027027027027,0.0434782608695652,0.0709753231492362,Marlin Klein,M.Klein
2026,1,2026_01_BUF_HOU,British Brooks,british brooks,,BrooBr01,HOU,BUF,RB,0,0.0,0.0,snap_proxy,,,,,,,,
2026,1,2026_01_BUF_HOU,D.J. Moore,dj moore,00-0034827,MoorD.00,BUF,HOU,WR,44,76.0,76.0,snap_proxy,8.0,5.0,100.0,0.285714285714286,0.412532637075718,0.717344274524431,DJ Moore,D.Moore
2026,1,2026_01_BUF_HOU,James Cook,james cook,00-0037248,CookJa01,BUF,HOU,RB,42,72.0,72.0,snap_proxy,4.0,3.0,12.0,0.142857142857143,-0.010443864229765,0.206975009324879,James Cook,J.Cook
2026,1,2026_01_BUF_HOU,Dalton Kincaid,dalton kincaid,00-0038933,KincDa00,BUF,HOU,TE,42,72.0,72.0,snap_proxy,6.0,5.0,130.0,0.214285714285714,0.255874673629243,0.500540842969041,Dalton Kincaid,D.Kincaid
2026,1,2026_01_BUF_HOU,Dawson Knox,dawson knox,00-0035689,KnoxDa00,BUF,HOU,TE,39,67.0,67.0,snap_proxy,1.0,1.0,7.0,0.0357142857142857,0.0052219321148825,0.0572267810518463,Dawson Knox,D.Knox
2026,1,2026_01_BUF_HOU,Khalil Shakir,khalil shakir,00-0037261,ShakKh00,BUF,HOU,WR,31,53.0,53.0,snap_proxy,6.0,4.0,50.0,0.214285714285714,0.101827676240209,0.392707944796718,Khalil Shakir,K.Shakir
2026,1,2026_01_BUF_HOU,Keon Coleman,keon coleman,00-0039901,ColeKe02,BUF,HOU,WR,29,50.0,50.0,snap_proxy,1.0,1.0,1.0,0.0357142857142857,0.010443864229765,0.0608821335322641,Keon Coleman,K.Coleman
2026,1,2026_01_BUF_HOU,Jackson Hawes,jackson hawes,,HaweJa00,BUF,HOU,TE,25,43.0,43.0,snap_proxy,,,,,,,,
2026,1,2026_01_BUF_HOU,Josh Palmer,josh palmer,00-0036988,PalmJo00,BUF,HOU,WR,18,31.0,31.0,snap_proxy,2.0,1.0,34.0,0.0714285714285714,0.161879895561358,0.220458784035808,Josh Palmer,J.Palmer
2026,1,2026_01_BUF_HOU,Frank Gore Jr.,frank gore,00-0039471,GoreFr01,BUF,HOU,RB,11,19.0,19.0,snap_proxy,0.0,0.0,0.0,0.0,0.0,0.0,Frank Gore Jr.,F.Gore
2026,1,2026_01_BUF_HOU,Ray Davis,ray davis,00-0039875,DaviRa04,BUF,HOU,RB,5,9.0,9.0,snap_proxy,0.0,0.0,0.0,0.0,0.0,0.0,Ray Davis,R.Davis
2026,1,2026_01_BUF_HOU,Keleki Latu,keleki latu,00-0040363,LatuKe00,BUF,HOU,TE,4,7.000000000000001,7.000000000000001,snap_proxy,0.0,0.0,0.0,0.0,0.0,0.0,Keleki Latu,K.Latu
2026,1,2026_01_BUF_HOU,Greg Dortch,greg dortch,00-0035500,DortGr01,BUF,HOU,WR,0,0.0,0.0,snap_proxy,0.0,0.0,0.0,0.0,0.0,0.0,Greg Dortch,G.Dortch
2026,1,2026_01_CHI_CAR,Jalen Coker,jalen coker,00-0039491,CokeJa01,CAR,CHI,WR,57,84.0,84.0,snap_proxy,9.0,8.0,138.0,0.264705882352941,0.33879781420765,0.634217293474767,Jalen Coker,J.Coker
2026,1,2026_01_CHI_CAR,Tetairoa McMillan,tetairoa mcmillan,00-0040124,McMiTe00,CAR,CHI,WR,56,82.0,82.0,snap_proxy,8.0,5.0,75.0,0.235294117647059,0.325136612021858,0.580536804885889,Tetairoa McMillan,T.McMillan
2026,1,2026_01_CHI_CAR,Chuba Hubbard,chuba hubbard,00-0036555,HubbCh01,CAR,CHI,RB,48,71.0,71.0,snap_proxy,3.0,3.0,38.0,0.0882352941176471,0.0,0.132352941176471,Chuba Hubbard,C.Hubbard
2026,1,2026_01_CHI_CAR,Tommy Tremble,tommy tremble,00-0037005,TremTo00,CAR,CHI,TE,38,56.00000000000001,56.00000000000001,snap_proxy,5.0,3.0,25.0,0.147058823529412,0.0628415300546448,0.264577306332369,Tommy Tremble,T.Tremble
2026,1,2026_01_CHI_CAR,Xavier Legette,xavier legette,00-0039342,LegeXa00,CAR,CHI,WR,36,53.0,53.0,snap_proxy,2.0,0.0,0.0,0.0588235294117647,0.0546448087431694,0.126486660237866,Xavier Legette,X.Legette
2026,1,2026_01_CHI_CAR,Mitchell Evans,mitchell evans,00-0040187,EvanMi01,CAR,CHI,TE,27,40.0,40.0,snap_proxy,2.0,1.0,9.0,0.0588235294117647,0.0245901639344262,0.105448408871745,Mitchell Evans,M.Evans
2026,1,2026_01_CHI_CAR,Darren Waller,darren waller,00-0031610,WallDa01,CAR,CHI,TE,24,35.0,35.0,snap_proxy,2.0,2.0,28.0,0.0588235294117647,0.0218579234972678,0.103535840565734,Darren Waller,D.Waller
2026,1,2026_01_CHI_CAR,Jimmy Horn,jimmy horn,00-0040218,HornJi00,CAR,CHI,WR,14,21.0,21.0,snap_proxy,1.0,0.0,0.0,0.0294117647058824,0.0081967213114754,0.0498553519768563,Jimmy Horn Jr.,Ji.Horn
2026,1,2026_01_CHI_CAR,Jonathon Brooks,jonathon brooks,00-0039344,BrooJo02,CAR,CHI,RB,13,19.0,19.0,snap_proxy,2.0,1.0,48.0,0.0588235294117647,0.0819672131147541,0.145612343297975,Jonathon Brooks,J.Brooks
2026,1,2026_01_CHI_CAR,Brycen Tremayne,brycen tremayne,00-0038840,TremBr00,CAR,CHI,WR,12,18.0,18.0,snap_proxy,0.0,0.0,0.0,0.0,0.0,0.0,Brycen Tremayne,B.Tremayne
2026,1,2026_01_CHI_CAR,AJ Dillon,aj dillon,00-0036265,DillAJ00,CAR,CHI,RB,7,10.0,10.0,snap_proxy,0.0,0.0,0.0,0.0,0.0,0.0,AJ Dillon,A.Dillon
2026,1,2026_01_CHI_CAR,Feleipe Franks,feleipe franks,00-0036825,FranFe00,CAR,CHI,TE,5,7.000000000000001,7.000000000000001,snap_proxy,0.0,0.0,0.0,0.0,0.0,0.0,Feleipe Franks,F.Franks
2026,1,2026_01_CHI_CAR,Colston Loveland,colston loveland,00-0040126,LoveCo00,CHI,CAR,TE,65,87.0,87.0,snap_proxy,2.0,0.0,0.0,0.0769230769230769,0.0940438871473354,0.18121533638775,Colston Loveland,C.Loveland
2026,1,2026_01_CHI_CAR,Luther Burden,luther burden,00-0040735,BurdLu00,CHI,CAR,WR,55,73.0,73.0,snap_proxy,5.0,5.0,63.0,0.192307692307692,0.112852664576803,0.3674584036653,Luther Burden III,L.Burden
2026,1,2026_01_CHI_CAR,Kalif Raymond,kalif raymond,00-0032464,RaymKa00,CHI,CAR,WR,45,60.0,60.0,snap_proxy,9.0,8.0,84.0,0.346153846153846,0.203761755485893,0.661863998070895,Kalif Raymond,K.Raymond
2026,1,2026_01_CHI_CAR,Cole Kmet,cole kmet,00-0036290,KmetCo00,CHI,CAR,TE,43,56.99999999999999,56.99999999999999,snap_proxy,3.0,2.0,35.0,0.115384615384615,0.147335423197492,0.276211719315168,Cole Kmet,C.Kmet
2026,1,2026_01_CHI_CAR,D'Andre Swift,dandre swift,00-0036275,SwifDA00,CHI,CAR,RB,43,56.99999999999999,56.99999999999999,snap_proxy,1.0,1.0,10.0,0.0384615384615385,0.0125391849529781,0.0664697371593923,D'Andre Swift,D.Swift
2026,1,2026_01_CHI_CAR,Rome Odunze,rome odunze,00-0039919,OdunRo00,CHI,CAR,WR,36,48.0,48.0,snap_proxy,3.0,2.0,52.0,0.115384615384615,0.282131661442006,0.370569086086327,Rome Odunze,R.Odunze
2026,1,2026_01_CHI_CAR,Jahdae Walker,jahdae walker,00-0040277,WalkJa03,CHI,CAR,WR,34,45.0,45.0,snap_proxy,1.0,1.0,1.0,0.0384615384615385,0.0031347962382445,0.0598866650590789,Jahdae Walker,J.Walker
2026,1,2026_01_CHI_CAR,Kyle Monangai,kyle monangai,00-0040236,MonaKy00,CHI,CAR,RB,32,43.0,43.0,snap_proxy,2.0,2.0,24.0,0.0769230769230769,0.0282131661442006,0.135133831685556,Kyle Monangai,K.Monangai
2026,1,2026_01_CHI_CAR,Sam Roush,sam roush,,RousSa00,CHI,CAR,TE,12,16.0,16.0,snap_proxy,,,,,,,,
2026,1,2026_01_CHI_CAR,Kaden Davis,kaden davis,00-0037380,DaviKa02,CHI,CAR,WR,10,13.0,13.0,snap_proxy,0.0,0.0,0.0,0.0,0.0,0.0,Kaden Davis,K.Davis
2026,1,2026_01_CHI_CAR,Roschon Johnson,roschon johnson,00-0039021,JohnRo07,CHI,CAR,RB,0,0.0,0.0,snap_proxy,0.0,0.0,0.0,0.0,0.0,0.0,Roschon Johnson,R.Johnson
2026,1,2026_01_CHI_CAR,Zavion Thomas,zavion thomas,,ThomZa05,CHI,CAR,WR,0,0.0,0.0,snap_proxy,,,,,,,,
2026,1,2026_01_CLE_JAX,Brenton Strange,brenton strange,00-0038935,StraBr00,JAX,CLE,TE,39,68.0,68.0,snap_proxy,3.0,2.0,23.0,0.142857142857143,0.140495867768595,0.312632821723731,Brenton Strange,B.Strange
2026,1,2026_01_CLE_JAX,Nate Boerkircher,nate boerkircher,00-0041503,BoerNa00,JAX,CLE,TE,38,67.0,67.0,snap_proxy,1.0,1.0,9.0,0.0476190476190476,0.0082644628099173,0.0772136953955136,Nate Boerkircher,N.Boerkircher
2026,1,2026_01_CLE_JAX,Jakobi Meyers,jakobi meyers,00-0034960,MeyeJa01,JAX,CLE,WR,37,65.0,65.0,snap_proxy,2.0,2.0,40.0,0.0952380952380952,0.119834710743802,0.226741440377804,Jakobi Meyers,J.Meyers
2026,1,2026_01_CLE_JAX,Parker Washington,parker washington,00-0038606,WashPa01,JAX,CLE,WR,35,61.0,61.0,snap_proxy,6.0,5.0,83.0,0.285714285714286,0.421487603305785,0.723612750885478,Parker Washington,P.Washington
2026,1,2026_01_CLE_JAX,Bhayshul Tuten,bhayshul tuten,00-0040719,TuteBh00,JAX,CLE,RB,28,49.0,49.0,snap_proxy,1.0,1.0,22.0,0.0476190476190476,-0.0206611570247934,0.0569657615112161,Bhayshul Tuten,B.Tuten
2026,1,2026_01_CLE_JAX,Quintin Morris,quintin morris,00-0036590,MorrQu00,JAX,CLE,TE,24,42.0,42.0,snap_proxy,1.0,0.0,0.0,0.0476190476190476,0.0082644628099173,0.0772136953955136,Quintin Morris,Q.Morris
2026,1,2026_01_CLE_JAX,Chris Rodriguez,chris rodriguez,00-0038611,RodrCh00,JAX,CLE,RB,23,40.0,40.0,snap_proxy,0.0,0.0,0.0,0.0,0.0,0.0,Chris Rodriguez Jr.,C.Rodriguez
2026,1,2026_01_CLE_JAX,Brian Thomas,brian thomas,00-0039893,ThomBr06,JAX,CLE,WR,20,35.0,35.0,snap_proxy,3.0,3.0,40.0,0.142857142857143,0.181818181818182,0.341558441558442,Brian Thomas Jr.,Bri.Thomas
2026,1,2026_01_CLE_JAX,Josh Cameron,josh cameron,00-0041100,CameJo01,JAX,CLE,WR,19,33.0,33.0,snap_proxy,2.0,2.0,20.0,0.0952380952380952,0.0743801652892562,0.194923258559622,Josh Cameron,J.Cameron
2026,1,2026_01_CLE_JAX,CJ Williams,cj williams,,WillCJ00,JAX,CLE,WR,10,18.0,18.0,snap_proxy,,,,,,,,
2026,1,2026_01_CLE_JAX,Ameer Abdullah,ameer abdullah,00-0032104,AbduAm00,JAX,CLE,RB,5,9.0,9.0,snap_proxy,1.0,1.0,0.0,0.0476190476190476,-0.012396694214876,0.0627508854781582,Ameer Abdullah,A.Abdullah
2026,1,2026_01_CLE_JAX,Travis Hunter,travis hunter,00-0040718,HuntTr00,JAX,CLE,WR,4,7.000000000000001,7.000000000000001,snap_proxy,1.0,1.0,8.0,0.0476190476190476,-0.012396694214876,0.0627508854781582,Travis Hunter,T.Hunter
2026,1,2026_01_CLE_JAX,LeQuint Allen,lequint allen,,AlleLe01,JAX,CLE,RB,1,2.0,2.0,snap_proxy,,,,,,,,
2026,1,2026_01_CLE_JAX,Denzel Boston,denzel boston,00-0041037,BostDe00,CLE,JAX,WR,47,92.0,92.0,snap_proxy,4.0,2.0,59.0,0.181818181818182,0.5,0.622727272727273,Denzel Boston,D.Boston
2026,1,2026_01_CLE_JAX,Harold Fannin,harold fannin,00-0040663,FannHa00,CLE,JAX,TE,42,82.0,82.0,snap_proxy,3.0,2.0,21.0,0.136363636363636,0.043859649122807,0.235247208931419,Harold Fannin Jr.,H.Fannin
2026,1,2026_01_CLE_JAX,KC Concepcion,kc concepcion,00-0041547,ConcKC00,CLE,JAX,WR,35,69.0,69.0,snap_proxy,5.0,4.0,43.0,0.227272727272727,0.276315789473684,0.53433014354067,KC Concepcion,K.Concepcion
2026,1,2026_01_CLE_JAX,Quinshon Judkins,quinshon judkins,00-0040784,JudkQu00,CLE,JAX,RB,33,65.0,65.0,snap_proxy,2.0,2.0,17.0,0.0909090909090909,0.0043859649122807,0.139433811802233,Quinshon Judkins,Q.Judkins
2026,1,2026_01_CLE_JAX,Jerry Jeudy,jerry jeudy,00-0036407,JeudJe00,CLE,JAX,WR,32,63.0,63.0,snap_proxy,4.0,2.0,26.0,0.181818181818182,0.175438596491228,0.395534290271132,Jerry Jeudy,J.Jeudy
2026,1,2026_01_CLE_JAX,Blake Whiteheart,blake whiteheart,00-0038710,WhitBl01,CLE,JAX,TE,20,39.0,39.0,snap_proxy,1.0,1.0,14.0,0.0454545454545455,0.0263157894736842,0.0866028708133971,Blake Whiteheart,B.Whiteheart
2026,1,2026_01_CLE_JAX,Raheim Sanders,raheim sanders,00-0040466,SandRa00,CLE,JAX,RB,18,35.0,35.0,snap_proxy,3.0,3.0,25.0,0.136363636363636,-0.0263157894736842,0.186124401913876,Raheim Sanders,R.Sanders
2026,1,2026_01_CLE_JAX,Tylan Wallace,tylan wallace,,WallTy00,CLE,JAX,WR,15,28.999999999999996,28.999999999999996,snap_proxy,,,,,,,,
2026,1,2026_01_CLE_JAX,Isaiah Bond,isaiah bond,,BondIs00,CLE,JAX,WR,7,14.000000000000002,14.000000000000002,snap_proxy,,,,,,,,
2026,1,2026_01_CLE_JAX,Michael Burton,michael burton,,BurtMi00,CLE,JAX,FB,6,12.0,12.0,snap_proxy,,,,,,,,
2026,1,2026_01_CLE_JAX,Malachi Corley,malachi corley,00-0039920,CorlMa00,CLE,JAX,WR,0,0.0,0.0,snap_proxy,0.0,0.0,0.0,0.0,0.0,0.0,Malachi Corley,M.Corley
2026,1,2026_01_CLE_JAX,Carsen Ryan,carsen ryan,00-0041131,RyanCa00,CLE,JAX,TE,0,0.0,0.0,snap_proxy,0.0,0.0,0.0,0.0,0.0,0.0,Carsen Ryan,C.Ryan
2026,1,2026_01_CLE_JAX,Dylan Sampson,dylan sampson,00-0040162,SampDy00,CLE,JAX,RB,0,0.0,0.0,snap_proxy,0.0,0.0,0.0,0.0,0.0,0.0,Dylan Sampson,D.Sampson
2026,1,2026_01_DAL_NYG,Malachi Fields,malachi fields,00-0041042,FielMa00,NYG,DAL,WR,50,72.0,72.0,snap_proxy,4.0,2.0,25.0,0.137931034482759,0.289795918367347,0.409753694581281,Malachi Fields,M.Fields
2026,1,2026_01_DAL_NYG,Cam Skattebo,cam skattebo,00-0040715,SkatCa00,NYG,DAL,RB,42,61.0,61.0,snap_proxy,0.0,0.0,0.0,0.0,0.0,0.0,Cam Skattebo,C.Skattebo
2026,1,2026_01_DAL_NYG,Darnell Mooney,darnell mooney,00-0036309,MoonDa00,NYG,DAL,WR,39,56.99999999999999,56.99999999999999,snap_proxy,2.0,2.0,27.0,0.0689655172413793,0.102040816326531,0.17487684729064,Darnell Mooney,D.Mooney
2026,1,2026_01_DAL_NYG,Patrick Ricard,patrick ricard,00-0033376,RicaPa00,NYG,DAL,FB,37,54.0,54.0,snap_proxy,1.0,0.0,0.0,0.0344827586206897,-0.0163265306122449,0.0402955665024631,Patrick Ricard,P.Ricard
2026,1,2026_01_DAL_NYG,Malik Nabers,malik nabers,00-0039337,NabeMa00,NYG,DAL,WR,36,52.0,52.0,snap_proxy,9.0,6.0,69.0,0.310344827586207,0.420408163265306,0.759802955665025,Malik Nabers,M.Nabers
2026,1,2026_01_DAL_NYG,Isaiah Likely,isaiah likely,00-0037838,LikeIs00,NYG,DAL,TE,34,49.0,49.0,snap_proxy,8.0,8.0,78.0,0.275862068965517,0.261224489795918,0.596650246305419,Isaiah Likely,I.Likely
2026,1,2026_01_DAL_NYG,Theo Johnson,theo johnson,00-0039847,JohnTh00,NYG,DAL,TE,32,46.0,46.0,snap_proxy,1.0,1.0,9.0,0.0344827586206897,0.0081632653061224,0.0574384236453202,Theo Johnson,T.Johnson
2026,1,2026_01_DAL_NYG,Devin Singletary,devin singletary,00-0035250,SingDe00,NYG,DAL,RB,25,36.0,36.0,snap_proxy,4.0,4.0,22.0,0.137931034482759,-0.0653061224489796,0.161182266009852,Devin Singletary,D.Singletary
2026,1,2026_01_DAL_NYG,Chris Manhertz,chris manhertz,,ManhCh00,NYG,DAL,TE,24,35.0,35.0,snap_proxy,,,,,,,,
2026,1,2026_01_DAL_NYG,Braxton Berrios,braxton berrios,00-0034419,BerrBr00,NYG,DAL,WR,12,17.0,17.0,snap_proxy,0.0,0.0,0.0,0.0,0.0,0.0,Braxton Berrios,B.Berrios
2026,1,2026_01_DAL_NYG,Odell Beckham Jr.,odell beckham,,BeckOd00,NYG,DAL,WR,11,16.0,16.0,snap_proxy,,,,,,,,
2026,1,2026_01_DAL_NYG,Tyrone Tracy Jr.,tyrone tracy,00-0039384,TracTy00,NYG,DAL,RB,2,3.0,3.0,snap_proxy,0.0,0.0,0.0,0.0,0.0,0.0,Tyrone Tracy Jr.,T.Tracy
2026,1,2026_01_DAL_NYG,George Pickens,george pickens,00-0037247,PickGe00,DAL,NYG,WR,49,84.0,84.0,snap_proxy,6.0,3.0,28.0,0.2,0.336569579288026,0.535598705501618,George Pickens,G.Pickens
2026,1,2026_01_DAL_NYG,CeeDee Lamb,ceedee lamb,00-0036358,LambCe00,DAL,NYG,WR,47,81.0,81.0,snap_proxy,8.0,5.0,44.0,0.266666666666667,0.29126213592233,0.603883495145631,CeeDee Lamb,C.Lamb
2026,1,2026_01_DAL_NYG,Jake Ferguson,jake ferguson,00-0038041,FergJa00,DAL,NYG,TE,44,76.0,76.0,snap_proxy,2.0,2.0,6.0,0.0666666666666667,0.0194174757281553,0.113592233009709,Jake Ferguson,J.Ferguson
2026,1,2026_01_DAL_NYG,Javonte Williams,javonte williams,00-0036997,WillJa10,DAL,NYG,RB,41,71.0,71.0,snap_proxy,5.0,5.0,31.0,0.166666666666667,-0.0355987055016181,0.225080906148867,Javonte Williams,J.Williams
2026,1,2026_01_DAL_NYG,Ryan Flournoy,ryan flournoy,00-0039410,FlouRy00,DAL,NYG,WR,41,71.0,71.0,snap_proxy,4.0,2.0,22.0,0.133333333333333,0.0744336569579288,0.25210355987055,Ryan Flournoy,R.Flournoy
2026,1,2026_01_DAL_NYG,Hunter Luepke,hunter luepke,00-0038738,LuepHu00,DAL,NYG,FB,15,26.0,26.0,snap_proxy,0.0,0.0,0.0,0.0,0.0,0.0,Hunter Luepke,H.Luepke
2026,1,2026_01_DAL_NYG,Brevyn Spann-Ford,brevyn spann ford,00-0039530,SpanBr00,DAL,NYG,TE,13,22.0,22.0,snap_proxy,2.0,2.0,14.0,0.0666666666666667,0.0194174757281553,0.113592233009709,Brevyn Spann-Ford,B.Spann-Ford
2026,1,2026_01_DAL_NYG,Luke Schoonmaker,luke schoonmaker,00-0038547,SchoLu00,DAL,NYG,TE,13,22.0,22.0,snap_proxy,1.0,1.0,12.0,0.0333333333333333,0.0388349514563107,0.0771844660194175,Luke Schoonmaker,L.Schoonmaker
2026,1,2026_01_DAL_NYG,Jonathan Mingo,jonathan mingo,00-0039062,MingJo00,DAL,NYG,WR,11,19.0,19.0,snap_proxy,1.0,1.0,10.0,0.0333333333333333,0.0355987055016181,0.0749190938511327,Jonathan Mingo,J.Mingo
2026,1,2026_01_DAL_NYG,KaVontae Turpin,kavontae turpin,00-0037801,TurpKa00,DAL,NYG,WR,8,14.000000000000002,14.000000000000002,snap_proxy,1.0,1.0,8.0,0.0333333333333333,0.0032362459546925,0.0522653721682848,KaVontae Turpin,K.Turpin
2026,1,2026_01_DAL_NYG,Emari Demercado,emari demercado,00-0038705,DemeEm00,DAL,NYG,RB,5,9.0,9.0,snap_proxy,0.0,0.0,0.0,0.0,0.0,0.0,Emari Demercado,E.Demercado
2026,1,2026_01_DEN_KC,Rashee Rice,rashee rice,00-0039067,RiceRa01,KC,DEN,WR,57,83.0,83.0,snap_proxy,2.0,2.0,19.0,0.08,0.0451127819548872,0.151578947368421,Rashee Rice,R.Rice
2026,1,2026_01_DEN_KC,Xavier Worthy,xavier worthy,00-0039894,WortXa00,KC,DEN,WR,53,77.0,77.0,snap_proxy,6.0,3.0,18.0,0.24,0.315789473684211,0.581052631578947,Xavier Worthy,X.Worthy
2026,1,2026_01_DEN_KC,Travis Kelce,travis kelce,00-0030506,KelcTr00,KC,DEN,TE,49,71.0,71.0,snap_proxy,5.0,3.0,71.0,0.2,0.218045112781955,0.452631578947368,Travis Kelce,T.Kelce
2026,1,2026_01_DEN_KC,Kenneth Walker III,kenneth walker,00-0038134,WalkKe00,KC,DEN,RB,47,68.0,68.0,snap_proxy,6.0,3.0,18.0,0.24,-0.0150375939849624,0.349473684210526,Kenneth Walker III,K.Walker
2026,1,2026_01_DEN_KC,Tyquan Thornton,tyquan thornton,00-0038104,ThorTy00,KC,DEN,WR,47,68.0,68.0,snap_proxy,1.0,0.0,0.0,0.04,0.270676691729323,0.249473684210526,Tyquan Thornton,T.Thornton
2026,1,2026_01_DEN_KC,Noah Gray,noah gray,00-0036637,GrayNo00,KC,DEN,TE,38,55.00000000000001,55.00000000000001,snap_proxy,1.0,1.0,5.0,0.04,0.037593984962406,0.0863157894736842,Noah Gray,N.Gray
2026,1,2026_01_DEN_KC,Emmett Johnson,emmett johnson,00-0041013,JohnEm01,KC,DEN,RB,25,36.0,36.0,snap_proxy,2.0,2.0,44.0,0.08,-0.0601503759398496,0.0778947368421053,Emmett Johnson,E.Johnson
2026,1,2026_01_DEN_KC,Jake Briningstool,jake briningstool,00-0040081,BrinJa00,KC,DEN,TE,13,19.0,19.0,snap_proxy,1.0,1.0,9.0,0.04,0.0300751879699248,0.0810526315789474,Jake Briningstool,J.Briningstool
2026,1,2026_01_DEN_KC,Ben VanSumeren,ben vansumeren,00-0038489,VanSBe00,KC,DEN,FB,3,4.0,4.0,snap_proxy,0.0,0.0,0.0,0.0,0.0,0.0,Ben VanSumeren,B.VanSumeren
2026,1,2026_01_DEN_KC,Cyrus Allen,cyrus allen,00-0040890,AlleCy00,KC,DEN,WR,1,1.0,1.0,snap_proxy,1.0,0.0,0.0,0.04,0.037593984962406,0.0863157894736842,Cyrus Allen,C.Allen
2026,1,2026_01_DEN_KC,Jalen Royals,jalen royals,00-0040646,RoyaJa00,KC,DEN,WR,0,0.0,0.0,snap_proxy,0.0,0.0,0.0,0.0,0.0,0.0,Jalen Royals,J.Royals
2026,1,2026_01_DEN_KC,Nikko Remigio,nikko remigio,00-0038519,RemiNi00,KC,DEN,WR,0,0.0,0.0,snap_proxy,0.0,0.0,0.0,0.0,0.0,0.0,Nikko Remigio,N.Remigio
2026,1,2026_01_DEN_KC,Brashard Smith,brashard smith,,SmitBr09,KC,DEN,RB,0,0.0,0.0,snap_proxy,,,,,,,,
2026,1,2026_01_DEN_KC,Courtland Sutton,courtland sutton,00-0034348,SuttCo00,DEN,KC,WR,39,76.0,76.0,snap_proxy,5.0,2.0,11.0,0.185185185185185,0.434782608695652,0.582125603864734,Courtland Sutton,C.Sutton
2026,1,2026_01_DEN_KC,Jaylen Waddle,jaylen waddle,00-0036613,WaddJa00,DEN,KC,WR,38,75.0,75.0,snap_proxy,3.0,1.0,2.0,0.111111111111111,0.141304347826087,0.265579710144928,Jaylen Waddle,J.Waddle
2026,1,2026_01_DEN_KC,Evan Engram,evan engram,00-0033881,EngrEv00,DEN,KC,TE,32,63.0,63.0,snap_proxy,5.0,4.0,43.0,0.185185185185185,0.195652173913043,0.414734299516908,Evan Engram,E.Engram
2026,1,2026_01_DEN_KC,Pat Bryant,pat bryant,00-0040134,BryaPa00,DEN,KC,WR,30,59.0,59.0,snap_proxy,6.0,4.0,42.0,0.222222222222222,0.271739130434783,0.523550724637681,Pat Bryant,P.Bryant
2026,1,2026_01_DEN_KC,RJ Harvey,rj harvey,00-0040730,HarvRJ00,DEN,KC,RB,26,51.0,51.0,snap_proxy,4.0,4.0,23.0,0.148148148148148,-0.239130434782609,0.0548309178743961,RJ Harvey,R.Harvey
2026,1,2026_01_DEN_KC,J.K. Dobbins,jk dobbins,00-0036158,DobbJK00,DEN,KC,RB,22,43.0,43.0,snap_proxy,0.0,0.0,0.0,0.0,0.0,0.0,J.K. Dobbins,J.Dobbins
2026,1,2026_01_DEN_KC,Adam Trautman,adam trautman,00-0036422,TrauAd00,DEN,KC,TE,19,37.0,37.0,snap_proxy,3.0,2.0,10.0,0.111111111111111,-0.0108695652173913,0.159057971014493,Adam Trautman,A.Trautman
2026,1,2026_01_DEN_KC,Troy Franklin,troy franklin,00-0039868,FranTr00,DEN,KC,WR,17,33.0,33.0,snap_proxy,1.0,0.0,0.0,0.037037037037037,0.33695652173913,0.291425120772947,Troy Franklin,T.Franklin
2026,1,2026_01_DEN_KC,Nate Adkins,nate adkins,00-0038783,AdkiNa00,DEN,KC,TE,13,25.0,25.0,snap_proxy,0.0,0.0,0.0,0.0,0.0,0.0,Nate Adkins,N.Adkins
2026,1,2026_01_DEN_KC,Marvin Mims,marvin mims,00-0038976,MimsMa00,DEN,KC,WR,9,18.0,18.0,snap_proxy,0.0,0.0,0.0,0.0,0.0,0.0,Marvin Mims Jr.,M.Mims
2026,1,2026_01_DEN_KC,Adam Prentice,adam prentice,,PrenAd00,DEN,KC,FB,6,12.0,12.0,snap_proxy,,,,,,,,
2026,1,2026_01_DEN_KC,Jonah Coleman,jonah coleman,00-0041496,ColeJo00,DEN,KC,RB,3,6.0,6.0,snap_proxy,0.0,0.0,0.0,0.0,0.0,0.0,Jonah Coleman,J.Coleman
2026,1,2026_01_GB_MIN,Justin Jefferson,justin jefferson,00-0036322,JeffJu00,MIN,GB,WR,60,92.0,92.0,snap_proxy,9.0,8.0,92.0,0.391304347826087,0.454545454545455,0.905138339920949,Justin Jefferson,J.Jefferson
2026,1,2026_01_GB_MIN,Jordan Addison,jordan addison,00-0038994,AddiJo00,MIN,GB,WR,54,83.0,83.0,snap_proxy,2.0,0.0,0.0,0.0869565217391304,0.153409090909091,0.237821146245059,Jordan Addison,J.Addison
2026,1,2026_01_GB_MIN,T.J. Hockenson,tj hockenson,00-0035229,HockTJ00,MIN,GB,TE,43,66.0,66.0,snap_proxy,5.0,4.0,36.0,0.217391304347826,0.0965909090909091,0.393700592885376,T.J. Hockenson,T.Hockenson
2026,1,2026_01_GB_MIN,Josh Oliver,josh oliver,00-0035249,OlivJo00,MIN,GB,TE,42,65.0,65.0,snap_proxy,4.0,2.0,22.0,0.173913043478261,0.0738636363636364,0.312574110671937,Josh Oliver,J.Oliver
2026,1,2026_01_GB_MIN,Jauan Jennings,jauan jennings,00-0036259,JennJa00,MIN,GB,WR,31,48.0,48.0,snap_proxy,1.0,0.0,0.0,0.0434782608695652,0.170454545454545,0.18453557312253,Jauan Jennings,J.Jennings
2026,1,2026_01_GB_MIN,Aaron Jones,aaron jones,00-0033293,JoneAa00,MIN,GB,RB,30,46.0,46.0,snap_proxy,1.0,0.0,0.0,0.0434782608695652,0.0227272727272727,0.0811264822134387,Aaron Jones,A.Jones
2026,1,2026_01_GB_MIN,Jordan Mason,jordan mason,00-0037525,MasoJo00,MIN,GB,RB,29,45.0,45.0,snap_proxy,0.0,0.0,0.0,0.0,0.0,0.0,Jordan Mason,J.Mason
2026,1,2026_01_GB_MIN,Max Bredeson,max bredeson,,BredMa00,MIN,GB,FB,24,37.0,37.0,snap_proxy,,,,,,,,
2026,1,2026_01_GB_MIN,DeeJay Dallas,deejay dallas,00-0036425,DallDe00,MIN,GB,RB,6,9.0,9.0,snap_proxy,1.0,1.0,1.0,0.0434782608695652,0.0056818181818181,0.0691946640316206,DeeJay Dallas,D.Dallas
2026,1,2026_01_GB_MIN,Tai Felton,tai felton,,FeltTa00,MIN,GB,WR,3,5.0,5.0,snap_proxy,,,,,,,,
2026,1,2026_01_GB_MIN,Myles Price,myles price,00-0040506,PricMy00,MIN,GB,WR,3,5.0,5.0,snap_proxy,0.0,0.0,0.0,0.0,0.0,0.0,Myles Price,M.Price
2026,1,2026_01_GB_MIN,Gavin Bartholomew,gavin bartholomew,,BartGa00,MIN,GB,TE,0,0.0,0.0,snap_proxy,,,,,,,,
2026,1,2026_01_GB_MIN,Matthew Golden,matthew golden,00-0040667,GoldMa02,GB,MIN,WR,56,82.0,82.0,snap_proxy,12.0,6.0,95.0,0.3,0.292110874200426,0.654477611940298,Matthew Golden,M.Golden
2026,1,2026_01_GB_MIN,Christian Watson,christian watson,00-0038124,WatsCh00,GB,MIN,WR,52,76.0,76.0,snap_proxy,8.0,6.0,147.0,0.2,0.270788912579957,0.48955223880597,Christian Watson,C.Watson
2026,1,2026_01_GB_MIN,Tucker Kraft,tucker kraft,00-0038996,KrafTu00,GB,MIN,TE,45,66.0,66.0,snap_proxy,6.0,3.0,65.0,0.15,0.174840085287846,0.347388059701493,Tucker Kraft,T.Kraft
2026,1,2026_01_GB_MIN,Jayden Reed,jayden reed,00-0039146,ReedJa03,GB,MIN,WR,39,56.99999999999999,56.99999999999999,snap_proxy,7.0,3.0,20.0,0.175,0.106609808102345,0.337126865671642,Jayden Reed,J.Reed
2026,1,2026_01_GB_MIN,Chris Brooks,chris brooks,00-0038685,BrooCh00,GB,MIN,RB,38,56.00000000000001,56.00000000000001,snap_proxy,1.0,0.0,0.0,0.025,-0.0127931769722814,0.028544776119403,Chris Brooks,C.Brooks
2026,1,2026_01_GB_MIN,Jonnu Smith,jonnu smith,00-0033858,SmitJo01,GB,MIN,TE,32,47.0,47.0,snap_proxy,3.0,2.0,50.0,0.075,0.0511727078891258,0.148320895522388,Jonnu Smith,J.Smith
2026,1,2026_01_GB_MIN,MarShawn Lloyd,marshawn lloyd,00-0039811,LloyMa00,GB,MIN,RB,30,44.0,44.0,snap_proxy,1.0,0.0,0.0,0.025,0.0383795309168444,0.0643656716417911,MarShawn Lloyd,M.Lloyd
2026,1,2026_01_GB_MIN,Mark Redman,mark redman,,RedmMa00,GB,MIN,TE,21,31.0,31.0,snap_proxy,,,,,,,,
2026,1,2026_01_GB_MIN,Josh Whyle,josh whyle,,WhylJo01,GB,MIN,TE,11,16.0,16.0,snap_proxy,,,,,,,,
2026,1,2026_01_GB_MIN,Bo Melton,bo melton,00-0037091,MeltBo00,GB,MIN,WR,8,12.0,12.0,snap_proxy,1.0,1.0,10.0,0.025,0.0213219616204691,0.0524253731343284,Bo Melton,B.Melton
2026,1,2026_01_GB_MIN,Skyy Moore,skyy moore,00-0038090,MoorSk01,GB,MIN,WR,4,6.0,6.0,snap_proxy,1.0,0.0,0.0,0.025,0.0255863539445629,0.055410447761194,Skyy Moore,S.Moore
2026,1,2026_01_GB_MIN,Kaleb Johnson,kaleb johnson,00-0040142,JohnKa03,GB,MIN,RB,0,0.0,0.0,snap_proxy,0.0,0.0,0.0,0.0,0.0,0.0,Kaleb Johnson,K.Johnson
2026,1,2026_01_MIA_LV,Michael Mayer,michael mayer,00-0039066,MayeMi00,LV,MIA,TE,55,81.0,81.0,snap_proxy,7.0,6.0,32.0,0.241379310344828,0.123893805309735,0.448794629234056,Michael Mayer,M.Mayer
2026,1,2026_01_MIA_LV,Ashton Jeanty,ashton jeanty,00-0040122,JeanAs00,LV,MIA,RB,50,74.0,74.0,snap_proxy,6.0,6.0,45.0,0.206896551724138,0.079646017699115,0.366097039975587,Ashton Jeanty,A.Jeanty
2026,1,2026_01_MIA_LV,Tre Tucker,tre tucker,00-0038563,TuckTr00,LV,MIA,WR,48,71.0,71.0,snap_proxy,4.0,2.0,27.0,0.137931034482759,0.221238938053097,0.361763808361306,Tre Tucker,T.Tucker
2026,1,2026_01_MIA_LV,Jalen Nailor,jalen nailor,00-0037291,NailJa00,LV,MIA,WR,41,60.0,60.0,snap_proxy,5.0,3.0,27.0,0.172413793103448,0.283185840707965,0.456850778150748,Jalen Nailor,J.Nailor
2026,1,2026_01_MIA_LV,Connor Heyward,connor heyward,00-0037304,HeywCo00,LV,MIA,FB,32,47.0,47.0,snap_proxy,0.0,0.0,0.0,0.0,0.0,0.0,Connor Heyward,C.Heyward
2026,1,2026_01_MIA_LV,Ian Thomas,ian thomas,,ThomIa00,LV,MIA,TE,31,46.0,46.0,snap_proxy,,,,,,,,
2026,1,2026_01_MIA_LV,Jack Bech,jack bech,00-0040729,BechJa00,LV,MIA,WR,27,40.0,40.0,snap_proxy,4.0,3.0,23.0,0.137931034482759,0.141592920353982,0.306011595971926,Jack Bech,J.Bech
2026,1,2026_01_MIA_LV,Mike Washington Jr.,mike washington,00-0040878,WashMi00,LV,MIA,RB,13,19.0,19.0,snap_proxy,0.0,0.0,0.0,0.0,0.0,0.0,Mike Washington Jr.,M.Washington
2026,1,2026_01_MIA_LV,Cody White,cody white,00-0035891,WhitCo05,LV,MIA,WR,11,16.0,16.0,snap_proxy,1.0,0.0,0.0,0.0344827586206897,0.0132743362831858,0.0610161733292646,Cody White,C.White
2026,1,2026_01_MIA_LV,Dylan Laube,dylan laube,00-0039407,LaubDy00,LV,MIA,RB,10,15.0,15.0,snap_proxy,0.0,0.0,0.0,0.0,0.0,0.0,Dylan Laube,D.Laube
2026,1,2026_01_MIA_LV,Dareke Young,dareke young,00-0037093,YounDa02,LV,MIA,WR,10,15.0,15.0,snap_proxy,0.0,0.0,0.0,0.0,0.0,0.0,Dareke Young,D.Young
2026,1,2026_01_MIA_LV,Malik Benson,malik benson,00-0040894,BensMa00,LV,MIA,WR,7,10.0,10.0,snap_proxy,2.0,1.0,6.0,0.0689655172413793,0.13716814159292,0.199465974977113,Malik Benson,M.Benson
2026,1,2026_01_MIA_LV,Chris Myarick,chris myarick,,MyarCh00,LV,MIA,TE,5,7.000000000000001,7.000000000000001,snap_proxy,,,,,,,,
2026,1,2026_01_MIA_LV,Malik Washington,malik washington,00-0039880,WashMa00,MIA,LV,WR,55,98.0,98.0,snap_proxy,8.0,3.0,53.0,0.296296296296296,0.436893203883495,0.750269687162891,Malik Washington,M.Washington
2026,1,2026_01_MIA_LV,Caleb Douglas,caleb douglas,00-0041523,DougCa00,MIA,LV,WR,51,91.0,91.0,snap_proxy,7.0,5.0,94.0,0.259259259259259,0.313915857605178,0.608629989212513,Caleb Douglas,C.Douglas
2026,1,2026_01_MIA_LV,De'Von Achane,devon achane,00-0039040,AchaDe00,MIA,LV,RB,48,86.0,86.0,snap_proxy,5.0,4.0,30.0,0.185185185185185,0.0129449838187702,0.286839266450917,De'Von Achane,D.Achane
2026,1,2026_01_MIA_LV,Greg Dulcich,greg dulcich,00-0037252,DulcGr00,MIA,LV,TE,43,77.0,77.0,snap_proxy,2.0,2.0,18.0,0.0740740740740741,0.0032362459546925,0.113376483279396,Greg Dulcich,G.Dulcich
2026,1,2026_01_MIA_LV,Chris Bell,chris bell,00-0041525,BellCh00,MIA,LV,WR,29,52.0,52.0,snap_proxy,2.0,1.0,25.0,0.0740740740740741,0.135922330097087,0.206256742179072,Chris Bell,C.Bell
2026,1,2026_01_MIA_LV,Kevin Coleman,kevin coleman,00-0041529,ColeKe03,MIA,LV,WR,16,28.999999999999996,28.999999999999996,snap_proxy,2.0,0.0,0.0,0.0740740740740741,0.0776699029126214,0.165480043149946,Kevin Coleman Jr.,K.Coleman
2026,1,2026_01_MIA_LV,DJ Herman,dj herman,,HermDJ00,MIA,LV,FB,15,27.0,27.0,snap_proxy,,,,,,,,
2026,1,2026_01_MIA_LV,Will Kacmarek,will kacmarek,00-0041524,KacmWi00,MIA,LV,TE,14,25.0,25.0,snap_proxy,1.0,0.0,0.0,0.037037037037037,0.0194174757281553,0.0691477885652643,Will Kacmarek,W.Kacmarek
2026,1,2026_01_MIA_LV,Jaylen Wright,jaylen wright,00-0039874,WrigJa04,MIA,LV,RB,4,7.000000000000001,7.000000000000001,snap_proxy,0.0,0.0,0.0,0.0,0.0,0.0,Jaylen Wright,J.Wright
2026,1,2026_01_MIA_LV,Ollie Gordon,ollie gordon,,GordOl00,MIA,LV,RB,4,7.000000000000001,7.000000000000001,snap_proxy,,,,,,,,
2026,1,2026_01_MIA_LV,Ryan Miller,ryan miller,,MillRy01,MIA,LV,WR,0,0.0,0.0,snap_proxy,,,,,,,,
2026,1,2026_01_MIA_LV,Seydou Traore,seydou traore,,TraoSe00,MIA,LV,TE,0,0.0,0.0,snap_proxy,,,,,,,,
2026,1,2026_01_NE_SEA,Jaxon Smith-Njigba,jaxon smith njigba,00-0038543,SmitJa06,SEA,NE,WR,45,90.0,90.0,snap_proxy,11.0,8.0,122.0,0.458333333333333,0.493506493506494,1.03295454545455,Jaxon Smith-Njigba,J.Smith-Njigba
2026,1,2026_01_NE_SEA,AJ Barner,aj barner,00-0039793,BarnAJ00,SEA,NE,TE,44,88.0,88.0,snap_proxy,2.0,2.0,13.0,0.0833333333333333,-0.0064935064935064,0.120454545454545,AJ Barner,A.Barner
2026,1,2026_01_NE_SEA,Cooper Kupp,cooper kupp,00-0033908,KuppCo00,SEA,NE,WR,39,78.0,78.0,snap_proxy,3.0,2.0,35.0,0.125,0.318181818181818,0.410227272727273,Cooper Kupp,C.Kupp
2026,1,2026_01_NE_SEA,Rashid Shaheed,rashid shaheed,00-0037545,ShahRa00,SEA,NE,WR,33,66.0,66.0,snap_proxy,3.0,1.0,4.0,0.125,0.123376623376623,0.273863636363636,Rashid Shaheed,R.Shaheed
2026,1,2026_01_NE_SEA,Jadarian Price,jadarian price,00-0041512,PricJa02,SEA,NE,RB,24,48.0,48.0,snap_proxy,2.0,2.0,6.0,0.0833333333333333,-0.0064935064935064,0.120454545454545,Jadarian Price,J.Price
2026,1,2026_01_NE_SEA,George Holani,george holani,00-0039299,HolaGe00,SEA,NE,RB,23,46.0,46.0,snap_proxy,1.0,0.0,0.0,0.0416666666666667,0.038961038961039,0.0897727272727273,George Holani,G.Holani
2026,1,2026_01_NE_SEA,Brady Russell,brady russell,00-0038488,RussBr00,SEA,NE,FB,17,34.0,34.0,snap_proxy,2.0,2.0,20.0,0.0833333333333333,0.038961038961039,0.152272727272727,Brady Russell,B.Russell
2026,1,2026_01_NE_SEA,Elijah Arroyo,elijah arroyo,,ArroEl00,SEA,NE,TE,11,22.0,22.0,snap_proxy,,,,,,,,
2026,1,2026_01_NE_SEA,Eric Saubert,eric saubert,00-0033576,SaubEr00,SEA,NE,TE,10,20.0,20.0,snap_proxy,0.0,0.0,0.0,0.0,0.0,0.0,Eric Saubert,E.Saubert
2026,1,2026_01_NE_SEA,Emanuel Wilson,emanuel wilson,00-0038797,WilsEm00,SEA,NE,RB,3,6.0,6.0,snap_proxy,0.0,0.0,0.0,0.0,0.0,0.0,Emanuel Wilson,E.Wilson
2026,1,2026_01_NE_SEA,Velus Jones Jr.,velus jones,,JoneVe00,SEA,NE,RB,0,0.0,0.0,snap_proxy,,,,,,,,
2026,1,2026_01_NE_SEA,Montorie Foster,montorie foster,00-0040621,FostMo00,SEA,NE,WR,0,0.0,0.0,snap_proxy,0.0,0.0,0.0,0.0,0.0,0.0,Montorie Foster Jr,M.Foster
2026,1,2026_01_NE_SEA,Rhamondre Stevenson,rhamondre stevenson,00-0036875,StevRh00,NE,SEA,RB,60,85.0,85.0,snap_proxy,6.0,5.0,44.0,0.193548387096774,-0.0271493212669683,0.271318055758283,Rhamondre Stevenson,R.Stevenson
2026,1,2026_01_NE_SEA,Hunter Henry,hunter henry,00-0033090,HenrHu00,NE,SEA,TE,54,76.0,76.0,snap_proxy,3.0,3.0,26.0,0.0967741935483871,0.0542986425339367,0.183170340096336,Hunter Henry,H.Henry
2026,1,2026_01_NE_SEA,Mack Hollins,mack hollins,00-0033555,HollMa00,NE,SEA,WR,50,70.0,70.0,snap_proxy,5.0,4.0,51.0,0.161290322580645,0.280542986425339,0.438315574368705,Mack Hollins,M.Hollins
2026,1,2026_01_NE_SEA,DeMario Douglas,demario douglas,00-0038621,DougDe00,NE,SEA,WR,44,62.0,62.0,snap_proxy,7.0,5.0,20.0,0.225806451612903,0.199095022624434,0.478076193256459,DeMario Douglas,D.Douglas
2026,1,2026_01_NE_SEA,Romeo Doubs,romeo doubs,00-0037816,DoubRo00,NE,SEA,WR,40,56.00000000000001,56.00000000000001,snap_proxy,3.0,0.0,0.0,0.0967741935483871,0.339366515837104,0.382717851408553,Romeo Doubs,R.Doubs
2026,1,2026_01_NE_SEA,Eli Raridon,eli raridon,00-0041395,RariEl00,NE,SEA,TE,38,54.0,54.0,snap_proxy,1.0,1.0,2.0,0.032258064516129,0.0090497737556561,0.0547219384031528,Eli Raridon,E.Raridon
2026,1,2026_01_NE_SEA,A.J. Brown,aj brown,00-0035676,BrowAJ00,NE,SEA,WR,31,44.0,44.0,snap_proxy,4.0,3.0,26.0,0.129032258064516,0.085972850678733,0.253729382571887,A.J. Brown,A.Brown
2026,1,2026_01_NE_SEA,Reggie Gilliam,reggie gilliam,,GillRe00,NE,SEA,FB,13,18.0,18.0,snap_proxy,,,,,,,,
2026,1,2026_01_NE_SEA,Kyle Williams,kyle williams,00-0040131,WillKy03,NE,SEA,WR,12,17.0,17.0,snap_proxy,0.0,0.0,0.0,0.0,0.0,0.0,Kyle Williams,K.Williams
2026,1,2026_01_NE_SEA,Corey Kiner,corey kiner,00-0040556,KineCo00,NE,SEA,RB,8,11.0,11.0,snap_proxy,0.0,0.0,0.0,0.0,0.0,0.0,Corey Kiner,C.Kiner
2026,1,2026_01_NE_SEA,Lan Larison,lan larison,00-0040568,LariLa00,NE,SEA,RB,3,4.0,4.0,snap_proxy,2.0,2.0,9.0,0.0645161290322581,-0.0135746606334842,0.0872719311049482,Lan Larison,L.Larison
2026,1,2026_01_NE_SEA,Cameron Latu,cameron latu,,LatuCa01,NE,SEA,TE,0,0.0,0.0,snap_proxy,,,,,,,,
2026,1,2026_01_NE_SEA,Tanner Arkin,tanner arkin,,ArkiTa00,NE,SEA,TE,0,0.0,0.0,snap_proxy,,,,,,,,
2026,1,2026_01_NO_DET,Amon-Ra St. Brown,amon ra st brown,00-0036963,StxxAm00,DET,NO,WR,69,90.0,90.0,snap_proxy,14.0,10.0,67.0,0.358974358974359,0.338164251207729,0.775176514306949,Amon-Ra St. Brown,A.St. Brown
2026,1,2026_01_NO_DET,Jameson Williams,jameson williams,00-0037240,WillJa11,DET,NO,WR,65,84.0,84.0,snap_proxy,9.0,4.0,45.0,0.230769230769231,0.613526570048309,0.775622445187663,Jameson Williams,J.Williams
2026,1,2026_01_NO_DET,Sam LaPorta,sam laporta,00-0039065,LaPoSa01,DET,NO,TE,62,81.0,81.0,snap_proxy,8.0,5.0,48.0,0.205128205128205,0.0338164251207729,0.331363805276849,Sam LaPorta,S.LaPorta
2026,1,2026_01_NO_DET,Jahmyr Gibbs,jahmyr gibbs,00-0039139,GibbJa01,DET,NO,RB,57,74.0,74.0,snap_proxy,5.0,5.0,30.0,0.128205128205128,-0.0193236714975845,0.178781122259383,Jahmyr Gibbs,J.Gibbs
2026,1,2026_01_NO_DET,Isaac TeSlaa,isaac teslaa,00-0040669,TeSlIs00,DET,NO,WR,52,68.0,68.0,snap_proxy,1.0,0.0,0.0,0.0256410256410256,0.0144927536231884,0.0486064659977703,Isaac TeSlaa,I.TeSlaa
2026,1,2026_01_NO_DET,Brock Wright,brock wright,00-0036754,WrigBr01,DET,NO,TE,39,51.0,51.0,snap_proxy,1.0,1.0,5.0,0.0256410256410256,0.0096618357487922,0.0452248234856931,Brock Wright,B.Wright
2026,1,2026_01_NO_DET,Sione Vaki,sione vaki,00-0039364,VakiSi00,DET,NO,RB,22,28.999999999999996,28.999999999999996,snap_proxy,1.0,1.0,11.0,0.0256410256410256,0.0096618357487922,0.0452248234856931,Sione Vaki,S.Vaki
2026,1,2026_01_NO_DET,Tyler Conklin,tyler conklin,,ConkTy00,DET,NO,TE,10,13.0,13.0,snap_proxy,,,,,,,,
2026,1,2026_01_NO_DET,Tay Martin,tay martin,00-0037524,MartTa00,DET,NO,WR,0,0.0,0.0,snap_proxy,0.0,0.0,0.0,0.0,0.0,0.0,Tay Martin,T.Martin
2026,1,2026_01_NO_DET,Jacob Saylors,jacob saylors,00-0038896,SaylJa00,DET,NO,RB,0,0.0,0.0,snap_proxy,0.0,0.0,0.0,0.0,0.0,0.0,Jacob Saylors,J.Saylors
2026,1,2026_01_NO_DET,Jackson Meeks,jackson meeks,,MeekJa00,DET,NO,TE,0,0.0,0.0,snap_proxy,,,,,,,,
2026,1,2026_01_NO_DET,Tom Kennedy,tom kennedy,00-0035544,KennTo01,DET,NO,WR,0,0.0,0.0,snap_proxy,0.0,0.0,0.0,0.0,0.0,0.0,Tom Kennedy,T.Kennedy
2026,1,2026_01_NO_DET,Devaughn Vele,devaughn vele,00-0039424,VeleDe00,NO,DET,WR,82,91.0,91.0,snap_proxy,9.0,7.0,69.0,0.173076923076923,0.130434782608696,0.350919732441472,Devaughn Vele,D.Vele
2026,1,2026_01_NO_DET,Chris Olave,chris olave,00-0037239,OlavCh00,NO,DET,WR,77,86.0,86.0,snap_proxy,13.0,10.0,182.0,0.25,0.484472049689441,0.714130434782609,Chris Olave,C.Olave
2026,1,2026_01_NO_DET,Juwan Johnson,juwan johnson,00-0036040,JohnJu02,NO,DET,TE,76,84.0,84.0,snap_proxy,7.0,3.0,54.0,0.134615384615385,0.159420289855072,0.313517279821628,Juwan Johnson,J.Johnson
2026,1,2026_01_NO_DET,Bryce Lance,bryce lance,00-0041067,LancBr00,NO,DET,WR,62,69.0,69.0,snap_proxy,4.0,3.0,42.0,0.0769230769230769,0.082815734989648,0.173355629877369,Bryce Lance,B.Lance
2026,1,2026_01_NO_DET,Travis Etienne,travis etienne,00-0036973,EtieTr00,NO,DET,RB,53,59.0,59.0,snap_proxy,9.0,7.0,32.0,0.173076923076923,-0.0041407867494824,0.256716833890747,Travis Etienne,T.Etienne
2026,1,2026_01_NO_DET,Noah Fant,noah fant,00-0035644,FantNo00,NO,DET,TE,37,41.0,41.0,snap_proxy,8.0,4.0,33.0,0.153846153846154,0.0993788819875776,0.300334448160535,Noah Fant,N.Fant
2026,1,2026_01_NO_DET,Kendre Miller,kendre miller,00-0038551,MillKe01,NO,DET,RB,26,28.999999999999996,28.999999999999996,snap_proxy,0.0,0.0,0.0,0.0,0.0,0.0,Kendre Miller,K.Miller
2026,1,2026_01_NO_DET,CJ Donaldson,cj donaldson,00-0041326,DonaCJ00,NO,DET,RB,15,17.0,17.0,snap_proxy,2.0,1.0,-2.0,0.0384615384615385,0.010351966873706,0.0649386845039019,CJ Donaldson,C.Donaldson
2026,1,2026_01_NO_DET,Treyton Welch,treyton welch,00-0039518,WelcTr00,NO,DET,TE,10,11.0,11.0,snap_proxy,0.0,0.0,0.0,0.0,0.0,0.0,Treyton Welch,T.Welch
2026,1,2026_01_NO_DET,Barion Brown,barion brown,00-0041099,BrowBa02,NO,DET,WR,7,8.0,8.0,snap_proxy,0.0,0.0,0.0,0.0,0.0,0.0,Barion Brown,B.Brown
2026,1,2026_01_NO_DET,Kevin Austin,kevin austin,,AustKe00,NO,DET,WR,5,6.0,6.0,snap_proxy,,,,,,,,
2026,1,2026_01_NYJ_TEN,Carnell Tate,carnell tate,00-0041438,TateCa00,TEN,NYJ,WR,44,88.0,88.0,snap_proxy,6.0,4.0,38.0,0.214285714285714,0.352631578947368,0.568270676691729,Carnell Tate,C.Tate
2026,1,2026_01_NYJ_TEN,Wan'Dale Robinson,wandale robinson,00-0038117,RobiWa01,TEN,NYJ,WR,41,82.0,82.0,snap_proxy,6.0,5.0,38.0,0.214285714285714,0.121052631578947,0.406165413533835,Wan'Dale Robinson,W.Robinson
2026,1,2026_01_NYJ_TEN,Gunnar Helm,gunnar helm,00-0040584,HelmGu00,TEN,NYJ,TE,38,76.0,76.0,snap_proxy,5.0,4.0,28.0,0.178571428571429,0.0894736842105263,0.330488721804511,Gunnar Helm,G.Helm
2026,1,2026_01_NYJ_TEN,Calvin Ridley,calvin ridley,,RidlCa00,TEN,NYJ,WR,32,64.0,64.0,snap_proxy,,,,,,,,
2026,1,2026_01_NYJ_TEN,Elic Ayomanor,elic ayomanor,00-0040170,AyomEl00,TEN,NYJ,WR,26,52.0,52.0,snap_proxy,3.0,1.0,11.0,0.107142857142857,0.215789473684211,0.311766917293233,Elic Ayomanor,E.Ayomanor
2026,1,2026_01_NYJ_TEN,Tony Pollard,tony pollard,00-0035261,PollTo00,TEN,NYJ,RB,26,52.0,52.0,snap_proxy,2.0,1.0,-1.0,0.0714285714285714,0.126315789473684,0.195563909774436,Tony Pollard,T.Pollard
2026,1,2026_01_NYJ_TEN,Tyjae Spears,tyjae spears,00-0039032,SpeaTy00,TEN,NYJ,RB,25,50.0,50.0,snap_proxy,4.0,2.0,12.0,0.142857142857143,-0.0631578947368421,0.170075187969925,Tyjae Spears,T.Spears
2026,1,2026_01_NYJ_TEN,Daniel Bellinger,daniel bellinger,00-0038115,BellDa00,TEN,NYJ,TE,14,28.000000000000004,28.000000000000004,snap_proxy,1.0,1.0,7.0,0.0357142857142857,0.0052631578947368,0.0572556390977444,Daniel Bellinger,D.Bellinger
2026,1,2026_01_NYJ_TEN,Chimere Dike,chimere dike,00-0040705,DikeCh00,TEN,NYJ,WR,4,8.0,8.0,snap_proxy,1.0,1.0,7.0,0.0357142857142857,0.0157894736842105,0.0646240601503759,Chimere Dike,C.Dike
2026,1,2026_01_NYJ_TEN,David Martin-Robinson,david martin robinson,,MartDa01,TEN,NYJ,TE,0,0.0,0.0,snap_proxy,,,,,,,,
2026,1,2026_01_NYJ_TEN,Julius Chestnut,julius chestnut,,ChesJu00,TEN,NYJ,RB,0,0.0,0.0,snap_proxy,,,,,,,,
2026,1,2026_01_NYJ_TEN,Kylen Granson,kylen granson,,GranKy00,TEN,NYJ,TE,0,0.0,0.0,snap_proxy,,,,,,,,
2026,1,2026_01_NYJ_TEN,Garrett Wilson,garrett wilson,00-0037740,WilsGa00,NYJ,TEN,WR,50,75.0,75.0,snap_proxy,7.0,6.0,79.0,0.304347826086957,0.458333333333333,0.777355072463768,Garrett Wilson,G.Wilson
2026,1,2026_01_NYJ_TEN,Adonai Mitchell,adonai mitchell,00-0039890,MitcAd00,NYJ,TEN,WR,46,69.0,69.0,snap_proxy,3.0,3.0,60.0,0.130434782608696,0.351190476190476,0.441485507246377,Adonai Mitchell,A.Mitchell
2026,1,2026_01_NYJ_TEN,Mason Taylor,mason taylor,00-0040736,TaylMa02,NYJ,TEN,TE,44,66.0,66.0,snap_proxy,3.0,2.0,-2.0,0.130434782608696,0.0059523809523809,0.19981884057971,Mason Taylor,M.Taylor
2026,1,2026_01_NYJ_TEN,Isaiah Williams,isaiah williams,00-0039451,WillIs03,NYJ,TEN,WR,40,60.0,60.0,snap_proxy,1.0,1.0,7.0,0.0434782608695652,0.0416666666666667,0.0943840579710145,Isaiah Williams,I.Williams
2026,1,2026_01_NYJ_TEN,Breece Hall,breece hall,00-0038120,HallBr03,NYJ,TEN,RB,39,57.99999999999999,57.99999999999999,snap_proxy,2.0,2.0,16.0,0.0869565217391304,0.0178571428571429,0.142934782608696,Breece Hall,B.Hall
2026,1,2026_01_NYJ_TEN,Jeremy Ruckert,jeremy ruckert,00-0037805,RuckJe00,NYJ,TEN,TE,29,43.0,43.0,snap_proxy,1.0,1.0,4.0,0.0434782608695652,0.0059523809523809,0.0693840579710145,Jeremy Ruckert,J.Ruckert
2026,1,2026_01_NYJ_TEN,Kenyon Sadiq,kenyon sadiq,00-0041032,SadiKe00,NYJ,TEN,TE,28,42.0,42.0,snap_proxy,3.0,3.0,21.0,0.130434782608696,0.0,0.195652173913043,Kenyon Sadiq,K.Sadiq
2026,1,2026_01_NYJ_TEN,Braelon Allen,braelon allen,00-0039794,AlleBr05,NYJ,TEN,RB,27,40.0,40.0,snap_proxy,1.0,0.0,0.0,0.0434782608695652,0.0,0.0652173913043478,Braelon Allen,B.Allen
2026,1,2026_01_NYJ_TEN,Jelani Woods,jelani woods,,WoodJe01,NYJ,TEN,TE,16,24.0,24.0,snap_proxy,,,,,,,,
2026,1,2026_01_NYJ_TEN,Andrew Beck,andrew beck,,BeckAn01,NYJ,TEN,FB,9,13.0,13.0,snap_proxy,,,,,,,,
2026,1,2026_01_NYJ_TEN,Omar Cooper,omar cooper,00-0041511,CoopOm00,NYJ,TEN,WR,5,7.000000000000001,7.000000000000001,snap_proxy,1.0,1.0,30.0,0.0434782608695652,0.0238095238095238,0.0818840579710145,Omar Cooper Jr.,O.Cooper
2026,1,2026_01_NYJ_TEN,Arian Smith,arian smith,00-0040582,SmitAr01,NYJ,TEN,WR,2,3.0,3.0,snap_proxy,1.0,0.0,0.0,0.0434782608695652,0.0238095238095238,0.0818840579710145,Arian Smith,A.Smith
2026,1,2026_01_NYJ_TEN,Isaiah Davis,isaiah davis,,DaviIs00,NYJ,TEN,RB,0,0.0,0.0,snap_proxy,,,,,,,,
2026,1,2026_01_SF_LA,Colby Parkinson,colby parkinson,00-0036244,ParkCo02,LAR,SF,TE,47,77.0,77.0,snap_proxy,2.0,1.0,6.0,0.0740740740740741,0.0352941176470588,0.135816993464052,Colby Parkinson,C.Parkinson
2026,1,2026_01_SF_LA,Puka Nacua,puka nacua,00-0039075,NacuPu00,LAR,SF,WR,43,70.0,70.0,snap_proxy,9.0,5.0,74.0,0.333333333333333,0.450980392156863,0.815686274509804,Puka Nacua,P.Nacua
2026,1,2026_01_SF_LA,Kyren Williams,kyren williams,00-0037840,WillKy02,LAR,SF,RB,39,64.0,64.0,snap_proxy,3.0,3.0,24.0,0.111111111111111,0.0274509803921569,0.185882352941176,Kyren Williams,K.Williams
2026,1,2026_01_SF_LA,Davante Adams,davante adams,00-0031381,AdamDa01,LAR,SF,WR,33,54.0,54.0,snap_proxy,6.0,3.0,26.0,0.222222222222222,0.286274509803922,0.533725490196078,Davante Adams,D.Adams
2026,1,2026_01_SF_LA,Terrance Ferguson,terrance ferguson,00-0040737,FergTe00,LAR,SF,TE,31,51.0,51.0,snap_proxy,1.0,0.0,0.0,0.037037037037037,0.0941176470588235,0.121437908496732,Terrance Ferguson,T.Ferguson
2026,1,2026_01_SF_LA,Jordan Whittington,jordan whittington,00-0039751,WhitJo04,LAR,SF,WR,25,41.0,41.0,snap_proxy,1.0,1.0,8.0,0.037037037037037,0.0313725490196078,0.077516339869281,Jordan Whittington,J.Whittington
2026,1,2026_01_SF_LA,Davis Allen,davis allen,00-0039074,AlleDa02,LAR,SF,TE,21,34.0,34.0,snap_proxy,1.0,1.0,13.0,0.037037037037037,-0.0039215686274509,0.0528104575163399,Davis Allen,D.Allen
2026,1,2026_01_SF_LA,Xavier Smith,xavier smith,00-0038359,SmitXa00,LAR,SF,WR,16,26.0,26.0,snap_proxy,0.0,0.0,0.0,0.0,0.0,0.0,Xavier Smith,X.Smith
2026,1,2026_01_SF_LA,Konata Mumpfield,konata mumpfield,00-0040590,MumpKo00,LAR,SF,WR,16,26.0,26.0,snap_proxy,1.0,0.0,0.0,0.037037037037037,0.0509803921568627,0.0912418300653595,Konata Mumpfield,K.Mumpfield
2026,1,2026_01_SF_LA,Blake Corum,blake corum,00-0039738,CoruBl00,LAR,SF,RB,14,23.0,23.0,snap_proxy,0.0,0.0,0.0,0.0,0.0,0.0,Blake Corum,B.Corum
2026,1,2026_01_SF_LA,Tyler Higbee,tyler higbee,00-0033110,HigbTy00,LAR,SF,TE,12,20.0,20.0,snap_proxy,2.0,2.0,12.0,0.0740740740740741,0.0352941176470588,0.135816993464052,Tyler Higbee,T.Higbee
2026,1,2026_01_SF_LA,Ronnie Rivers,ronnie rivers,00-0037557,RiveRo01,LAR,SF,RB,8,13.0,13.0,snap_proxy,1.0,1.0,5.0,0.037037037037037,0.0078431372549019,0.0610457516339869,Ronnie Rivers,R.Rivers
2026,1,2026_01_SF_LA,Mike Evans,mike evans,00-0031408,EvanMi00,SF,LA,WR,49,75.0,75.0,snap_proxy,7.0,6.0,49.0,0.205882352941176,0.369127516778524,0.567212791156731,Mike Evans,M.Evans
2026,1,2026_01_SF_LA,Luke Farrell,luke farrell,00-0036887,FarrLu00,SF,LA,TE,46,71.0,71.0,snap_proxy,2.0,2.0,19.0,0.0588235294117647,0.0201342281879195,0.102329253849191,Luke Farrell,L.Farrell
2026,1,2026_01_SF_LA,Demarcus Robinson,demarcus robinson,00-0032775,RobiDe01,SF,LA,WR,41,63.0,63.0,snap_proxy,3.0,2.0,50.0,0.0882352941176471,0.302013422818792,0.343762337149625,Demarcus Robinson,D.Robinson
2026,1,2026_01_SF_LA,Christian McCaffrey,christian mccaffrey,00-0033280,McCaCh01,SF,LA,RB,36,55.00000000000001,55.00000000000001,snap_proxy,8.0,5.0,20.0,0.235294117647059,-0.0201342281879195,0.338847216739045,Christian McCaffrey,C.McCaffrey
2026,1,2026_01_SF_LA,Kyle Juszczyk,kyle juszczyk,,JuszKy00,SF,LA,FB,33,51.0,51.0,snap_proxy,,,,,,,,
2026,1,2026_01_SF_LA,George Kittle,george kittle,00-0033288,KittGe00,SF,LA,TE,30,46.0,46.0,snap_proxy,5.0,2.0,12.0,0.147058823529412,0.25503355704698,0.399111725227004,George Kittle,G.Kittle
2026,1,2026_01_SF_LA,Kaelon Black,kaelon black,00-0041052,BlacKa00,SF,LA,RB,28,43.0,43.0,snap_proxy,1.0,1.0,5.0,0.0294117647058824,-0.0335570469798658,0.0206277141729175,Kaelon Black,K.Black
2026,1,2026_01_SF_LA,Deebo Samuel,deebo samuel,00-0035719,SamuDe00,SF,LA,WR,27,42.0,42.0,snap_proxy,7.0,6.0,48.0,0.205882352941176,0.114093959731544,0.388689301223845,Deebo Samuel Sr.,D.Samuel
2026,1,2026_01_SF_LA,De'Zhaun Stribling,dezhaun stribling,,StriDe01,SF,LA,WR,21,32.0,32.0,snap_proxy,,,,,,,,
2026,1,2026_01_SF_LA,Jake Tonges,jake tonges,,TongJa00,SF,LA,TE,8,12.0,12.0,snap_proxy,,,,,,,,
2026,1,2026_01_SF_LA,Jacob Cowing,jacob cowing,00-0039365,CowiJa00,SF,LA,WR,5,8.0,8.0,snap_proxy,0.0,0.0,0.0,0.0,0.0,0.0,Jacob Cowing,J.Cowing
2026,1,2026_01_SF_LA,KhaDarel Hodge,khadarel hodge,00-0034854,HodgKh00,SF,LA,WR,1,2.0,2.0,snap_proxy,0.0,0.0,0.0,0.0,0.0,0.0,KhaDarel Hodge,K.Hodge
2026,1,2026_01_TB_CIN,Ja'Marr Chase,jamarr chase,00-0036900,ChasJa00,CIN,TB,WR,60,94.0,94.0,snap_proxy,4.0,2.0,12.0,0.117647058823529,0.150442477876106,0.281780322748568,Ja'Marr Chase,J.Chase
2026,1,2026_01_TB_CIN,Tee Higgins,tee higgins,00-0036410,HiggTe00,CIN,TB,WR,46,72.0,72.0,snap_proxy,6.0,3.0,59.0,0.176470588235294,0.517699115044248,0.627095262883915,Tee Higgins,T.Higgins
2026,1,2026_01_TB_CIN,Drew Sample,drew sample,00-0035631,SampDr00,CIN,TB,TE,42,66.0,66.0,snap_proxy,3.0,3.0,19.0,0.0882352941176471,0.0,0.132352941176471,Drew Sample,D.Sample
2026,1,2026_01_TB_CIN,Andrei Iosivas,andrei iosivas,00-0038619,IosiAn00,CIN,TB,WR,39,61.0,61.0,snap_proxy,3.0,2.0,12.0,0.0882352941176471,0.0663716814159292,0.178813118167621,Andrei Iosivas,A.Iosivas
2026,1,2026_01_TB_CIN,Mike Gesicki,mike gesicki,00-0034829,GesiMi00,CIN,TB,TE,21,33.0,33.0,snap_proxy,7.0,5.0,78.0,0.205882352941176,0.278761061946903,0.503956272774597,Mike Gesicki,M.Gesicki
2026,1,2026_01_TB_CIN,Erick All,erick all,,AllxEr00,CIN,TB,TE,20,31.0,31.0,snap_proxy,,,,,,,,
2026,1,2026_01_TB_CIN,Dohnte Meyers,dohnte meyers,00-0040785,MeyeDo00,CIN,TB,WR,10,16.0,16.0,snap_proxy,1.0,1.0,18.0,0.0294117647058824,0.0088495575221238,0.0503123373243103,Dohnte Meyers,D.Meyers
2026,1,2026_01_TB_CIN,Colbie Young,colbie young,,YounCo01,CIN,TB,WR,9,14.000000000000002,14.000000000000002,snap_proxy,,,,,,,,
2026,1,2026_01_TB_CIN,Tanner Hudson,tanner hudson,00-0034613,HudsTa00,CIN,TB,TE,6,9.0,9.0,snap_proxy,1.0,1.0,4.0,0.0294117647058824,0.0176991150442478,0.056507027589797,Tanner Hudson,T.Hudson
2026,1,2026_01_TB_CIN,Cade Otton,cade otton,00-0038129,OttoCa00,TB,CIN,TE,56,98.0,98.0,snap_proxy,5.0,3.0,26.0,0.185185185185185,0.223776223776224,0.434421134421134,Cade Otton,C.Otton
2026,1,2026_01_TB_CIN,Emeka Egbuka,emeka egbuka,00-0040129,EgbuEm01,TB,CIN,WR,49,86.0,86.0,snap_proxy,6.0,5.0,63.0,0.222222222222222,0.587412587412587,0.744522144522145,Emeka Egbuka,E.Egbuka
2026,1,2026_01_TB_CIN,Chris Godwin,chris godwin,00-0033921,GodwCh00,TB,CIN,WR,49,86.0,86.0,snap_proxy,4.0,4.0,40.0,0.148148148148148,0.020979020979021,0.236907536907537,Chris Godwin Jr.,C.Godwin
2026,1,2026_01_TB_CIN,Ted Hurst,ted hurst,00-0041048,HursTe00,TB,CIN,WR,43,75.0,75.0,snap_proxy,3.0,3.0,36.0,0.111111111111111,0.237762237762238,0.333100233100233,Ted Hurst III,T.Hurst
2026,1,2026_01_TB_CIN,Bucky Irving,bucky irving,00-0039361,IrviBu00,TB,CIN,RB,35,61.0,61.0,snap_proxy,7.0,7.0,48.0,0.259259259259259,-0.174825174825175,0.266511266511266,Bucky Irving,B.Irving
2026,1,2026_01_TB_CIN,Kenneth Gainwell,kenneth gainwell,,GainKe00,TB,CIN,RB,26,46.0,46.0,snap_proxy,,,,,,,,
2026,1,2026_01_TB_CIN,Tez Johnson,tez johnson,00-0040237,JohnTe03,TB,CIN,WR,13,23.0,23.0,snap_proxy,1.0,0.0,0.0,0.037037037037037,0.0629370629370629,0.0996114996114996,Tez Johnson,T.Johnson
2026,1,2026_01_TB_CIN,Payne Durham,payne durham,,DurhPa00,TB,CIN,TE,7,12.0,12.0,snap_proxy,,,,,,,,
2026,1,2026_01_TB_CIN,Kameron Johnson,kameron johnson,00-0039589,JohnKa01,TB,CIN,WR,5,9.0,9.0,snap_proxy,0.0,0.0,0.0,0.0,0.0,0.0,Kameron Johnson,K.Johnson
2026,1,2026_01_TB_CIN,Bauer Sharp,bauer sharp,00-0041094,SharBa00,TB,CIN,TE,1,2.0,2.0,snap_proxy,0.0,0.0,0.0,0.0,0.0,0.0,Bauer Sharp,B.Sharp
2026,1,2026_01_TB_CIN,Ko Kieft,ko kieft,,KiefKo00,TB,CIN,TE,1,2.0,2.0,snap_proxy,,,,,,,,
2026,1,2026_01_TB_CIN,Josh Williams,josh williams,00-0040429,WillJo011,TB,CIN,RB,0,0.0,0.0,snap_proxy,0.0,0.0,0.0,0.0,0.0,0.0,Josh Williams,J.Williams
2026,1,2026_01_WAS_PHI,Dallas Goedert,dallas goedert,00-0034351,GoedDa00,PHI,WAS,TE,52,95.0,95.0,snap_proxy,5.0,4.0,77.0,0.227272727272727,0.231111111111111,0.502686868686869,Dallas Goedert,D.Goedert
2026,1,2026_01_WAS_PHI,DeVonta Smith,devonta smith,00-0036912,SmitDe07,PHI,WAS,WR,52,95.0,95.0,snap_proxy,6.0,3.0,53.0,0.272727272727273,0.351111111111111,0.654868686868687,DeVonta Smith,D.Smith
2026,1,2026_01_WAS_PHI,Dontayvion Wicks,dontayvion wicks,00-0038393,WickDo00,PHI,WAS,WR,50,91.0,91.0,snap_proxy,4.0,2.0,73.0,0.181818181818182,0.351111111111111,0.518505050505051,Dontayvion Wicks,D.Wicks
2026,1,2026_01_WAS_PHI,Saquon Barkley,saquon barkley,00-0034844,BarkSa00,PHI,WAS,RB,39,71.0,71.0,snap_proxy,2.0,1.0,-3.0,0.0909090909090909,-0.0044444444444444,0.133252525252525,Saquon Barkley,S.Barkley
2026,1,2026_01_WAS_PHI,Makai Lemon,makai lemon,00-0040867,LemoMa00,PHI,WAS,WR,35,64.0,64.0,snap_proxy,4.0,3.0,-5.0,0.181818181818182,0.0,0.272727272727273,Makai Lemon,M.Lemon
2026,1,2026_01_WAS_PHI,Johnny Mundt,johnny mundt,,MundJo00,PHI,WAS,TE,20,36.0,36.0,snap_proxy,,,,,,,,
2026,1,2026_01_WAS_PHI,Will Shipley,will shipley,00-0039746,ShipWi00,PHI,WAS,RB,10,18.0,18.0,snap_proxy,1.0,1.0,8.0,0.0454545454545455,0.0266666666666667,0.0868484848484848,Will Shipley,W.Shipley
2026,1,2026_01_WAS_PHI,Darius Cooper,darius cooper,00-0040024,CoopDa01,PHI,WAS,WR,8,15.0,15.0,snap_proxy,0.0,0.0,0.0,0.0,0.0,0.0,Darius Cooper,D.Cooper
2026,1,2026_01_WAS_PHI,Tank Bigsby,tank bigsby,00-0038555,BigsTa00,PHI,WAS,RB,6,11.0,11.0,snap_proxy,0.0,0.0,0.0,0.0,0.0,0.0,Tank Bigsby,T.Bigsby
2026,1,2026_01_WAS_PHI,E.J. Jenkins,ej jenkins,,JenkEJ00,PHI,WAS,TE,1,2.0,2.0,snap_proxy,,,,,,,,
2026,1,2026_01_WAS_PHI,Britain Covey,britain covey,00-0037132,CoveBr00,PHI,WAS,WR,0,0.0,0.0,snap_proxy,0.0,0.0,0.0,0.0,0.0,0.0,Britain Covey,B.Covey
2026,1,2026_01_WAS_PHI,Terry McLaurin,terry mclaurin,00-0035659,McLaTe00,WSH,PHI,WR,61,87.0,87.0,snap_proxy,4.0,2.0,14.0,0.137931034482759,0.0694006309148265,0.255476993364516,Terry McLaurin,T.McLaurin
2026,1,2026_01_WAS_PHI,Stefon Diggs,stefon diggs,00-0031588,DiggSt00,WSH,PHI,WR,44,63.0,63.0,snap_proxy,9.0,4.0,55.0,0.310344827586207,0.261829652996845,0.648797998477102,Stefon Diggs,S.Diggs
2026,1,2026_01_WAS_PHI,Chig Okonkwo,chig okonkwo,00-0037809,OkonCh00,WSH,PHI,TE,39,56.00000000000001,56.00000000000001,snap_proxy,3.0,2.0,16.0,0.103448275862069,0.123028391167192,0.241292287610138,Chig Okonkwo,C.Okonkwo
2026,1,2026_01_WAS_PHI,Dyami Brown,dyami brown,00-0036626,BrowDy00,WSH,PHI,WR,37,53.0,53.0,snap_proxy,2.0,0.0,0.0,0.0689655172413793,0.201892744479495,0.244773196997716,Dyami Brown,D.Brown
2026,1,2026_01_WAS_PHI,John Bates,john bates,00-0036628,BateJo00,WSH,PHI,TE,34,49.0,49.0,snap_proxy,3.0,2.0,13.0,0.103448275862069,0.0189274447949527,0.16842162514957,John Bates,J.Bates
2026,1,2026_01_WAS_PHI,Jacory Croskey-Merritt,jacory croskey merritt,00-0040242,CrosJa00,WSH,PHI,RB,34,49.0,49.0,snap_proxy,1.0,1.0,-7.0,0.0344827586206897,-0.0220820189274448,0.0362667246818231,Jacory Croskey-Merritt,J.Croskey-Merritt
2026,1,2026_01_WAS_PHI,Rachaad White,rachaad white,00-0037256,WhitRa01,WSH,PHI,RB,29,41.0,41.0,snap_proxy,2.0,2.0,5.0,0.0689655172413793,-0.0315457413249211,0.0813662569346242,Rachaad White,R.White
2026,1,2026_01_WAS_PHI,Antonio Williams,antonio williams,00-0041040,WillAn04,WSH,PHI,WR,26,37.0,37.0,snap_proxy,4.0,4.0,64.0,0.137931034482759,0.173501577287066,0.328347655825084,Antonio Williams,A.Williams
2026,1,2026_01_WAS_PHI,Ben Sinnott,ben sinnott,,SinnBe00,WSH,PHI,TE,18,26.0,26.0,snap_proxy,,,,,,,,
2026,1,2026_01_WAS_PHI,Jaylin Lane,jaylin lane,00-0040164,LaneJa00,WSH,PHI,WR,18,26.0,26.0,snap_proxy,1.0,1.0,4.0,0.0344827586206897,0.0126182965299685,0.0605569455020124,Jaylin Lane,J.Lane
2026,1,2026_01_WAS_PHI,Kaytron Allen,kaytron allen,00-0041096,AlleKa01,WSH,PHI,RB,7,10.0,10.0,snap_proxy,0.0,0.0,0.0,0.0,0.0,0.0,Kaytron Allen,K.Allen
2026,1,2026_01_WAS_PHI,Colson Yankoff,colson yankoff,00-0039686,YankCo00,WSH,PHI,TE,2,3.0,3.0,snap_proxy,0.0,0.0,0.0,0.0,0.0,0.0,Colson Yankoff,C.Yankoff
